id,type,status,was,now,why,question
2012-Q16,mc,TOPIC CHANGED,Operations > Influences,Human Resources > Key influences,GFC = economic influence on HR (was tagged Operations!),the global financial crisis (gfc) caused many businesses to reduce their employee numbers. what type of influence on human resources was this? economic financial government legal
2012-Q24(a),sa,TOPIC CHANGED,Operations > Influences,Human Resources > Processes of human resource management,HR processes (was Operations),• recognises and names two relevant hr processes 2 • recognises and names one relevant hr process 1 question 24 (b) same criteria to be used for (i) and (ii) criteria marks • makes
2013-Q1,mc,TOPIC CHANGED,Marketing > (untagged),Operations > Role of operations management,which function transforms inputs (was tagged Marketing!),which business function transforms raw materials and resources into finished goods or products? finance human resources marketing operations
2013-Q18,mc,TOPIC CHANGED,Finance > (untagged),Operations > Operations strategies,FIFO/LIFO inventory valuation (was tagged Finance),a business is experiencing increasing costs for its stock over time. it is seeking to maximise its profit for the current financial period. which strategy should it adopt to value 
2013-Q21(b),sa,TOPIC CHANGED,Marketing > Marketing strategies,Human Resources > Human resource strategies,dispute resolution (was Marketing),• identifies issues and provides points for and/or against one dispute 4 resolution method which could be used to resolve workplace conflict • provides characteristics and features
2014-Q17,mc,TOPIC CHANGED,Human Resources > (untagged),Operations > Influences,legal compliance v ethical responsibility (was HR),which of the following is an example of legal compliance for a sports store? paying taxes on time offsetting carbon emissions induction of new employees paying dividends to shareho
2014-Q18,mc,TOPIC CHANGED,Finance > Processes of financial management,Operations > Operations processes,Gantt chart (was tagged Finance),a gantt chart for sam’s chocolate shop is shown. jan feb march april may june obtain lease and refit shop purchase stock select and train staff advertising campaign commence tradin
2015-Q12,mc,TOPIC CHANGED,Human Resources > Human resource strategies,Marketing > Marketing strategies,publicity (was tagged HR),which of the following is an example of publicity for a restaurant? changing the menu to include vegetarian dishes areview of the restaurant by a food critic on his blog offering f
2015-Q15,mc,TOPIC CHANGED,Finance > (untagged),Operations > Operations processes,critical path delay (was tagged Finance),"if activity ec is delayed and takes 6 days, by how long will the project be delayed? 0 days 3 days 6 days 17 days use the information to answer questions 16−17. the table shows ext"
2015-Q22(b),sa,TOPIC CHANGED,Marketing > Influences on marketing,Human Resources > Key influences,government / employment contracts (was Marketing),• provides how government influences employment contracts in detail 4 • provides how government influences employment contracts 3 • sketches in general terms the current legal fram
2016-Q14,mc,TOPIC CHANGED,Marketing > (untagged),Finance > Influences on financial management,unit trusts (was tagged Marketing),which of the following is an example of a unit trust? an investor purchases shares in a public company. investors lend money directly to businesses and receive interest in return. 
2016-Q18,mc,TOPIC CHANGED,Marketing > Marketing strategies,Human Resources > Key influences,workers compensation (was tagged Marketing),hannah is a permanent employee at xyz ltd who has been injured in a workplace accident. who is ultimately responsible for paying hannah’s medical expenses for this injury? hannah m
2016-Q22(a),sa,TOPIC CHANGED,Operations > Operations processes,Marketing > Marketing process,actual v planned (was Operations),• clearly provides the reason why the information is important in the 2 monitoring and controlling aspect of the marketing process • sketches the importance of the information for 
2016-Q23(a),sa,TOPIC CHANGED,Operations > Operations strategies,Human Resources > Role of human resource management,outsourcing,"• identifies one relevant advantage of outsourcing 2 • provides how/why it is an advantage for the business • makes a relevant statement 1 costs could be lower, she only needs to e"
2016-Q23(b),sa,TOPIC CHANGED,Operations > Operations strategies,Human Resources > Role of human resource management,outsourcing risks,• identifies two relevant disadvantages of outsourcing and why they are a 4 disadvantage for the business • identifies one relevant disadvantage of outsourcing and why it is a disa
2016-Q23(c),sa,TOPIC CHANGED,Finance > (untagged),Human Resources > Human resource strategies,global - skills/diversity (was Finance),• gives two reasons how and/or why heather’s business will benefit from a 4 diverse culturally competent workforce • gives one reason how and/or why heather’s business will benefit
2016-Q8,mc,TOPIC CHANGED,Marketing > (untagged),Operations > Role of operations management,interdependence of KBFs,a business plans to increase its stock to be ready for the grand opening of five new stores. this shows the interdependence between which business functions? operations and finance
2017-Q21(a),sa,TOPIC CHANGED,Marketing > Marketing strategies,Operations > Role of operations management,cost leadership/differentiation (was Marketing),• sketches in general terms the role of operations management in this 2 business • makes a statement about operations 1 operations management involves the bank being a cost leader 
2018-Q23(b),sa,TOPIC CHANGED,Operations > Operations processes + Role of operations management,Marketing > Marketing process,monitoring & controlling (was Operations),• clearly shows why monitoring and controlling are an important part of the 3 marketing process for this business • shows why monitoring and controlling are used by this business 2
2019-Q12,mc,TOPIC CHANGED,Marketing > Marketing strategies,Finance > Influences on financial management,equity - share issues (was tagged Marketing),which of the following allows shareholders of a public company to acquire additional shares at a discount? new issues placements private equity unsecured notes
2019-Q17,mc,TOPIC CHANGED,Operations > Operations processes + Operations strategies,Human Resources > Effectiveness of human resource management,accidents v output (was Operations),which business is likely to compromise work safety in return for an increase in output? a b c d
2019-Q18,mc,TOPIC CHANGED,Operations > Operations processes + Operations strategies,Human Resources > Effectiveness of human resource management,HR indicators (was Operations),which business is likely to be managing its human resources most effectively? a b c d use the following critical path diagram to answer questions 19 and 20. task e 1 day task f 1 d
2019-Q21(a),sa,TOPIC CHANGED,Operations > Influences + Operations strategies,Marketing > Influences on marketing,sociocultural (was Operations),• provides characteristics and features of one factor influencing customer 3 choice for this business • sketches in general terms one factor influencing customer choice for this 2 
2019-Q21(c),sa,TOPIC CHANGED,Operations > Influences + Operations strategies,Marketing > Marketing process,market research (was Operations),• clearly shows why market research is important for this business 4 • shows why market research is important for this business 3 • sketches market research in general terms 2 • pr
2019-Q23(b),sa,TOPIC CHANGED,Marketing > Marketing strategies,Human Resources > Key influences,awards (was Marketing),• demonstrates a clear understanding of the differences between awards 4 and enterprise agreements • demonstrates an understanding of the differences between awards and 3 enterpris
2020-Q21(c),sa,TOPIC CHANGED,Operations > Influences + Operations strategies + Role of operations management,Human Resources > Key influences,technological influence,• provides why and/or how technological influences and globalisation can lead to a company reducing staff numbers with reference to relevant 4 examples • provides characteristics a
2020-Q22(c),sa,TOPIC CHANGED,Operations > Influences + Operations strategies,Marketing > Marketing strategies,global standardisation (was Operations),• provides a clear and supported argument for the use of a standardised 4 marketing strategy by this business • provides an argument for the use of a standardised marketing strateg
2020-Q9,mc,TOPIC CHANGED,Marketing > Influences on marketing,Human Resources > Key influences,economic cycle -> staff hours (was Marketing),at which stage of the economic cycle is it most likely for a business to begin to reduce staff working hours? boom downswing recession upswing
2021-Q17,mc,TOPIC CHANGED,Finance > (untagged),Human Resources > Processes of human resource management,separation/unfair dismissal (was Finance),joe was made redundant by his employer but believes that he was dismissed unfairly. he takes his case to a lawyer. what evidence would effectively support the employer’s decision? 
2021-Q20,mc,TOPIC CHANGED,Operations > Operations strategies,Finance > Processes of financial management,limitations of financial reports (was Operations),company a intends to buy company b. company a might pay too much for company b if company b’s financial manager decides to normalise a large one-off asset sale. capitalise their re
2022-Q13,mc,TOPIC CHANGED,Operations > Influences,Finance > Influences on financial management,global market influences (was Operations),which combination of global market influences would support a business’s decision to expand globally? adepressed economic outlook and low interest rates adepressed economic outlook
2022-Q19,mc,TOPIC CHANGED,Finance > (untagged),Operations > Role of operations management,interdependence of KBFs (was Finance),a large cake business is going to offer a contract to another business to make their cake decorations. which business functions would provide input into the contract details? finan
2022-Q21(c),sa,TOPIC CHANGED,Finance > Role of financial management,Operations > Operations processes,process layout (was Finance),• provides detailed similarities and/or differences about the efficiency and 4 profitability of each layout • provides some similarities and/or differences about efficiency and 3 p
2022-Q22(a),sa,TOPIC CHANGED,Finance > Role of financial management,Human Resources > Key influences,minimum wage (was Finance),• sketches in general terms the effect an increase in the minimum wage 2 has on business • makes a general statement about minimum wage 1 an increase in the minimum wage is likely 
2022-Q22(d),sa,TOPIC CHANGED,Marketing > Marketing strategies,Human Resources > Processes of human resource management,induction (was Marketing),• provides why and/or how an induction program for new employees is 3 important • provides characteristics and features of the induction process for new 2 employees • makes a relev
2022-Q9,mc,TOPIC CHANGED,Finance > (untagged),Human Resources > Human resource strategies,dispute resolution (was Finance),an employee has been bullied at work and has lodged a complaint. what initial action should the employer take to resolve this dispute? arbitration conciliation mediation negotiatio
2023-Q16,mc,TOPIC CHANGED,Operations > Operations processes + Operations strategies,Finance > Processes of financial management,net profit ratio (was Operations),the table shows extracts from the financial statements of a business for 2022. ($) sales 300 000 cost of goods sold 200 000 gross profit 100 000 expenses 40 000 what is the net pro
2023-Q6,mc,TOPIC CHANGED,Operations > (untagged),Human Resources > Key influences,economic influence on HR (was Operations),a mattress manufacturer reduced the working hours of its factory workers due to a decrease in demand. which influence on human resources is most likely to have led to this? economi
2024-Q12,mc,TOPIC CHANGED,Operations > Influences,Human Resources > Key influences,employment contracts (was Operations),a global business is considering replacing its operations manager for its european division. what type of employment offer would suit this position? casual contract individual cont
2024-Q22(b),sa,TOPIC CHANGED,Operations > Influences,Human Resources > Key influences,ethics & CSR (was Operations),• provides an explanation of how this business exhibits corporate social 3 responsibility in the management of employees • demonstrates some understanding of how this business exhi
2024-Q5,mc,TOPIC CHANGED,Marketing > Marketing strategies,Human Resources > Effectiveness of human resource management,HR indicators (was Marketing),which row of the table shows the results of effective human resource management? workplace accidents absenteeism increase decrease increase increase decrease decrease decrease incr
2024-Q6,mc,TOPIC CHANGED,Finance > (untagged),Operations > Influences,government policy / sustainability (was Finance),a government is providing businesses with a tax benefit if they source their electricity through renewable energy sources. the most likely reason for offering this tax benefit is t
2024-Q7,mc,TOPIC CHANGED,Human Resources > (untagged),Operations > Role of operations management,customised service (was HR),an employee has badly injured their shoulder at work and is seeing a physiotherapist for treatment. the treatment that the physiotherapist provides can be described as a customised
2025-Q17,mc,TOPIC CHANGED,Marketing > Marketing strategies,Human Resources > Key influences,WHS / injury management (was Marketing),a chef’s finger has been cut off during a workplace accident. which of the following steps should the employer take? step one step two step three work site is assessed employee tak
2025-Q2,mc,TOPIC CHANGED,Operations > (untagged),Marketing > Role of marketing,types of markets (was Operations),a dealership customises the caravans it sells by putting solar panels on the roof. which type of market does this business operate in? mass niche production resource
2025-Q24(a),sa,TOPIC CHANGED,Operations > Influences,Human Resources > Key influences,technological influence (was Operations),• describes the influence of technology on the human resources function 3 • outlines the influence of technology on the human resources function 2 • provides some relevant informat
2025-Q24(b),sa,TOPIC CHANGED,Marketing > Marketing strategies,Human Resources > Key influences,unions (was Marketing),• explains two possible reasons for employers discouraging employees 3 from joining a union • outlines two possible reasons or 2 • explains one possible reason • provides some rele
2012-Q1,mc,subtopic changed,Operations > Influences + Operations strategies,Operations > Operations strategies,"outsourcing; ""Influences"" came from the word ""global"" in a distractor",an accountant decides to use the services of a cleaning company for one day per week. what is this an example of? development downsizing global contracting outsourcing
2012-Q14,mc,subtopic changed,Operations > Operations processes + Operations strategies,Operations > Operations processes,critical path analysis,the diagram below shows a critical path analysis for a project. t d a t a s k 1 d a y 3 d a y s s k h task e task i task j finish 2 days 4 days 2 days t a s k b 3 d a y s tt 33 aa 
2012-Q15,mc,subtopic changed,Marketing > Marketing process + Marketing strategies,Marketing > Marketing strategies,market segmentation,a gym has fitness-conscious office workers as its target market. what type of market segmentation is this? geographic and behavioural geographic and demographic psychographic and b
2012-Q18,mc,subtopic changed,Marketing > (untagged),Marketing > Marketing process,market objectives / market share data,in 2011 star car pty ltd’s main marketing objective was to take sales away from its competitors. in which country was this objective least effective? a b c d
2012-Q19,mc,subtopic changed,Marketing > (untagged),Marketing > Marketing process,market share data interpretation,"for the period 2010 to 2011, which of the following statements is true? the size of the total car market in each country did not change. in country a, both the total car market and"
2012-Q20,mc,subtopic changed,Finance > Influences on financial management,Finance > Financial management strategies,exchange rates (appreciation),which of the following groups would suffer the worst financial impact as a result of an increase in the value of the australian dollar? japanese shareholders of an australian bank 
2012-Q21(a),sa,subtopic changed,Operations > (untagged),Operations > Influences,CSR benefits,• provides how ethically and socially responsible behaviour leads to at least 4 two benefits for a business • provides how ethically and socially responsible behaviour leads to one
2012-Q21(b),sa,subtopic changed,Operations > Influences + Operations strategies,Operations > Influences,resistance to meeting CSR,• provides a thorough explanation as to why a business may be resistant to 4 meeting its corporate social responsibilities • provides a general explanation why a business may be re
2012-Q22(a),sa,subtopic changed,Finance > Influences on financial management + Processes of financial management,Finance > Processes of financial management,current ratio,• shows correct working and answer for current ratio 2 • states correct working but incorrect final calculation 1 or • provides correct answer only influences on financial manageme
2012-Q22(b),sa,subtopic changed,Finance > Influences on financial management + Processes of financial management,Finance > Processes of financial management,debt to equity,• shows correct answer for debt to equity ratio 2 • states correct working but incorrect final calculation 1 or • provides correct answer only influences on financial management
2012-Q22(c),sa,subtopic changed,Finance > Influences on financial management + Processes of financial management,Finance > Processes of financial management,gearing impact,• provides a reason/s why the debt to equity ratio impacts on business 4 performance • shows a link between a business and its debt to equity ratio 3 • shows some understanding of 
2012-Q22(d),sa,subtopic changed,Finance > Influences on financial management + Processes of financial management,Finance > Role of financial management,interdependence finance/operations,• provides how and/or why finance and operations are interdependent and 4 supports answer with at least two relevant examples • provides characteristics and features of the interde
2012-Q4,mc,subtopic changed,Operations > (untagged),Operations > Operations processes,inputs -> transformation -> outputs (was untagged),which of the following is the correct sequence for an operations process? facilities – controls – waste materials – design – product information – services – improvement human reso
2012-Q6,mc,subtopic changed,Marketing > Marketing strategies + Role of marketing,Marketing > Role of marketing,production/selling/marketing approaches,a business develops a shirt made from fabric which never stains or looks crushed. it then runs an advertising campaign to inform people about this product. what type of approach is
2012-Q8,mc,subtopic changed,Finance > Processes of financial management,Finance > Financial management strategies,cost controls to lift gross profit,what would be the best strategy for a business to increase its gross profit? use cost centres reduce fixed costs minimise expenses use sale and leaseback
2012-Q9,mc,subtopic changed,Human Resources > (untagged),Human Resources > Effectiveness of human resource management,turnover/absenteeism indicators,information about four companies is shown in the table. company a company b company c company d staff turnover 15 11 11 15 (% of workforce) output per worker 8 12 8 12 (products pe
2013-Q11,mc,subtopic changed,Marketing > Marketing strategies,Marketing > Influences on marketing,sugging = ethical,"sam is asked by a company to participate in a survey on home security. after a few questions, she is asked if she would like to purchase a burglar alarm from the company. what stra"
2013-Q14,mc,subtopic changed,Operations > Influences + Operations processes,Operations > Operations processes,transforming resources,which of the following includes two examples of transforming resources? materials and energy information and customers task design and technology human resources and facilities
2013-Q15,mc,subtopic changed,Marketing > Marketing strategies,Marketing > Role of marketing,selling approach,company xyz allocates most of its marketing budget to advertising. what approach has xyz adopted? selling approach market approach customer approach production approach
2013-Q16,mc,subtopic changed,Finance > (untagged),Finance > Processes of financial management,capitalised expenses = limitation of reports,auditors have discovered that the value of legal fees paid has been included in the asset value of a new warehouse purchased by a business. what limitation of financial reports doe
2013-Q19,mc,subtopic changed,Marketing > (untagged),Marketing > Marketing process,planned v actual variance = monitoring & controlling,the following is an extract from the end of year marketing report for a business. planned actual variance sales sales from target ($) ($) (%) region a 1 200 000 1 000 000 salespers
2013-Q2,mc,subtopic changed,Marketing > (untagged),Marketing > Role of marketing,types of markets - intermediate,an overseas factory sells 200000 teddy bears a year to toy stores across australia. what type of market is the overseas factory targeting? consumer intermediate niche resource
2013-Q20,mc,subtopic changed,Human Resources > Human resource strategies + Processes of human resource management,Human Resources > Human resource strategies,developmental performance management,which of the following is an example of developmental performance management? reviewing the reward system for all employees evaluating an online payroll system for employees improv
2013-Q22(a),sa,subtopic changed,Human Resources > Processes of human resource management,Human Resources > Effectiveness of human resource management,staff turnover indicator,• sketches in general terms an indicator that can be used to assess the 2 effectiveness of human resources • makes a general statement about human resources management 1 mk pty ltd
2013-Q22(b),sa,subtopic changed,Finance > Influences on financial management + Processes of financial management,Finance > Influences on financial management,sources of finance for takeover,• identifies issues and provides points for and/or against a source of finance 4 to fund the takeover • provides characteristics and features of a source of finance • provides one 
2013-Q23(b),sa,subtopic changed,Operations > Operations strategies + Role of operations management,Operations > Operations strategies,performance objectives,• provides a performance objective and shows how and/or why it relates to 3 the operations function of the business • sketches in general terms a performance objective 2 • makes a 
2013-Q24(a),sa,subtopic changed,Finance > Influences on financial management,Finance > Financial management strategies,letter of credit,• provides characteristics and features of an appropriate method which 3 could be used to ensure payment • sketches in general terms an appropriate method of payment 2 • names a me
2013-Q24(b),sa,subtopic changed,Finance > Financial management strategies + Influences on financial management,Finance > Financial management strategies,hedging / derivatives,• provides characteristics and features of a strategy and demonstrates how the business could use this strategy to protect itself against currency 4 fluctuations • provides charact
2013-Q25(a),sa,subtopic changed,Marketing > Marketing process + Marketing strategies + Role of marketing,Marketing > Marketing process,market research,• sketches in general terms one appropriate method that could be used by 2 this business to collect data about its target market • names a method that could be used to collect data
2013-Q4,mc,subtopic changed,Finance > Processes of financial management + Role of financial management,Finance > Processes of financial management,expense ratio = efficiency,what does the expense ratio measure? efficiency growth profitability solvency
2013-Q5,mc,subtopic changed,Operations > Influences + Operations strategies,Operations > Operations strategies,global sourcing,a company’s policy is to purchase from lowest­cost suppliers regardless of their location. what is this policy an example of? global sourcing global branding economies of scale res
2013-Q6,mc,subtopic changed,Finance > Processes of financial management,Finance > Financial management strategies,working capital - sale and lease back,which of the following would immediately improve the working capital of a business? increasing credit sales using sale and lease back preparing a cash flow statement repaying debt 
2013-Q7,mc,subtopic changed,Finance > Influences on financial management + Processes of financial management,Finance > Influences on financial management,SWOT over financial externals,which of the following includes both an opportunity and a threat from a swot analysis? low interest rates and high gearing loyal employees and outdated technology excellent managem
2013-Q8,mc,subtopic changed,Operations > Operations processes + Operations strategies,Operations > Operations processes,critical path,what does a critical path identify? the lowest cost path to complete all tasks in a project the highest cost path to complete all tasks in a project the longest time required to co
2013-Q9,mc,subtopic changed,Marketing > Marketing process + Marketing strategies,Marketing > Marketing strategies,price skimming,what is the most likely reason that a business would use price skimming? to encourage export sales to achieve market share quickly to gain high profits when demand is strong to rev
2014-Q14,mc,subtopic changed,Finance > Processes of financial management,Finance > Influences on financial management,debentures = external debt finance,"why would a business choose debentures as a source of funding? to reduce financial risk to provide security over assets to retain ownership and control to obtain cheap, short-term "
2014-Q16,mc,subtopic changed,Human Resources > Processes of human resource management,Human Resources > Key influences,recession = economic influence,what is the most likely impact of a recession on human resources? increase in wages increase in overtime decrease in involuntary separation decrease in employee bargaining power
2014-Q19,mc,subtopic changed,Finance > Role of financial management,Finance > Processes of financial management,comparative ratio analysis - liquidity,which of the following statements is true about liquidity for kerry’s warehouse in 2014? it is better than industry average and has improved since 2013. it is better than industry 
2014-Q21(b),sa,subtopic changed,Operations > Operations processes + Operations strategies,Operations > Operations processes,sequencing and scheduling,• draws out and relates the implications of using sequencing and scheduling 6 to improve business operations • defines scheduling and sequencing and shows the relationship between 
2014-Q23(b),sa,subtopic changed,Human Resources > Human resource strategies + Key influences + Processes of human resource management,Human Resources > Processes of human resource management,maintenance,• provides how maintenance can be used to improve business performance 6 with reference to a specific example • provides how maintenance can be used to improve business performance
2014-Q24(b),sa,subtopic changed,Finance > Financial management strategies + Influences on financial management,Finance > Influences on financial management,government influence,• makes the relationship evident between government influences and 4 financial management • makes the relationship evident between one government influence and financial management
2014-Q24(c),sa,subtopic changed,Finance > Financial management strategies + Influences on financial management + Role of financial management,Finance > Financial management strategies,factoring,• identifies issues and provides points for and/or against factoring as a 4 strategy for cash flow management • provides characteristics and features of factoring and provides one 
2015-Q1,mc,subtopic changed,Marketing > (untagged),Marketing > Role of marketing,resource market,in what type of market do wheat farmers sell their products? industrial intermediate niche resource
2015-Q11,mc,subtopic changed,Human Resources > Human resource strategies + Key influences,Human Resources > Human resource strategies,performance pay,which of the following is an example of a business using performance pay? emily is paid penalty rates for working on a public holiday. mike receives a gift voucher from his supervi
2015-Q13,mc,subtopic changed,Operations > Operations processes + Operations strategies,Operations > Influences,compliance costs = legal regulation,the term compliance costs refers to expenses associated with meeting competitor prices. legal requirements. consumer demands. supplier constraints. refer to the critical path diagr
2015-Q14,mc,subtopic changed,Operations > Operations processes + Operations strategies,Operations > Operations processes,critical path length,what is the length of the critical path for this project? 9 days 14 days 18 days 27 days
2015-Q18,mc,subtopic changed,Operations > Influences + Role of operations management,Operations > Role of operations management,cost leadership,which of the following would be the focus of a business aiming to reduce expenses? changing task design differentiating its product establishing cost leadership developing quality 
2015-Q19,mc,subtopic changed,Marketing > Marketing process + Marketing strategies,Marketing > Marketing strategies,global standardisation,why might a business adopt a standardised global approach to marketing? to cater for local tastes to minimise risk by hedging to increase market segmentation to take advantage of e
2015-Q2,mc,subtopic changed,Human Resources > Human resource strategies + Processes of human resource management,Human Resources > Processes of human resource management,acquisition,which of the following occurs during the acquisition stage of the human resources management process? training induction developing a job description conducting performance managem
2015-Q20,mc,subtopic changed,Marketing > (untagged),Marketing > Marketing process,market share from viewer data,"the table shows, for 2014 and 2015, the number of viewers of four television programs and the total number of viewers at the times when the programs were shown. 2014 2015 program p"
2015-Q23(a),sa,subtopic changed,Operations > Influences + Operations processes + Role of operations management,Operations > Operations processes,technology in the transformation process,• provides how technology influences the transformation process at north 2 coast manufacturing • provides some relevant information about the transformation process or 1 technology
2015-Q23(b),sa,subtopic changed,Operations > Role of operations management,Operations > Operations processes,process layout,• provides how and/or why two factors may influence the process layout 4 • provides how and/or why one factor may influence the process layout and 3 identifies a second factor • pr
2015-Q23(c),sa,subtopic changed,Operations > Operations processes + Role of operations management,Operations > Operations processes,monitoring,• provides a method of monitoring with a reason in favour of that method 2 • makes a relevant statement 1 one method of monitoring the effectiveness of the new layout would be to c
2015-Q24(a),sa,subtopic changed,Finance > Influences on financial management + Processes of financial management,Finance > Processes of financial management,limitations of financial reports,• identifies a limitation of this financial report and provides a reason why it 3 is a limitation • sketches in general terms a limitation of this financial report 2 • makes a rele
2015-Q24(b),sa,subtopic changed,Finance > Influences on financial management + Processes of financial management,Finance > Processes of financial management,gearing,• clearly provides points for and/or against the gearing level of andrew’s 5 discount tyres • provides points for and/or against the gearing level of andrew’s discount 4 tyres • pr
2015-Q25(a),sa,subtopic changed,Human Resources > Human resource strategies,Human Resources > Effectiveness of human resource management,,• makes a judgement that human resources management is partially 4 effective and clearly supports this judgement with the data • makes a judgement that human resources management i
2015-Q25(b),sa,subtopic changed,Finance > Financial management strategies + Processes of financial management + Role of financial management,Finance > Financial management strategies + Role of financial management,,"• using the data, draws out and relates the implications of the interdependence between human resources management and profitability 6 management in this business • using the data,"
2015-Q9,mc,subtopic changed,Operations > Operations processes + Operations strategies,Operations > Operations strategies,performance objective - cost,a business wants to minimise the volume of its waste. which performance objective is the business trying to achieve? cost customisation flexibility speed
2016-Q10,mc,subtopic changed,Finance > Influences on financial management + Processes of financial management,Finance > Processes of financial management,cash flow statement,the table shows cash flow information for a business. jan feb march april opening balance ($) 4 000 cash in ($) 20 000 20 000 20 000 24 000 cash out ($) 14 000 50 000 24 000 26 000
2016-Q11,mc,subtopic changed,Finance > (untagged),Finance > Processes of financial management,balance sheet / owner's equity,"if steve is a sole trader, how much equity does he have in the business? $12 800 $35 500 $135 500 $146 000"
2016-Q2,mc,subtopic changed,Human Resources > Human resource strategies,Human Resources > Processes of human resource management,unfair dismissal = separation,"ruth observed that a work colleague was stealing and reported the theft to her supervisor. as a result, ruth’s employment was terminated. what is this an example of? performance ma"
2016-Q21(b),sa,subtopic changed,Finance > Influences on financial management + Processes of financial management,Finance > Influences on financial management,internal v external finance,• provides points for and/or against one internal and one external source of 6 finance for this purchase • provides points for and/or against one internal source and provides a poi
2016-Q6,mc,subtopic changed,Operations > Influences + Operations strategies,Operations > Operations strategies,economies of scale,a global business has adopted a strategy which aims to lower the average cost of its product by increasing output. what is this strategy called? outsourcing global pricing global s
2017-Q1,mc,subtopic changed,Human Resources > Human resource strategies,Human Resources > Role of human resource management,,a recruitment officer is employed by a business. in which specific business function are they most likely to be engaged? finance human resources marketing operations
2017-Q10,mc,subtopic changed,Marketing > Influences on marketing + Marketing strategies,Marketing > Influences on marketing,price discrimination,"salty sunscreens sells the following sunscreens, both containing the same ingredients. salty salty sunscreen sunscreen for for teenagers adults 200 ml 200 ml $15 $10 this is an exa"
2017-Q11,mc,subtopic changed,Human Resources > (untagged),Human Resources > Key influences,employer associations (stakeholders),"whose interests is an organisation most likely to be representing when it meets with government to discuss business flexibility, expansion and competitiveness? employees employers "
2017-Q13,mc,subtopic changed,Finance > (untagged),Finance > Financial management strategies,factoring for cash flow,why would a business factor its accounts receivables? to improve cash flow to increase owner’s equity to increase the value of current assets to improve the value of the business
2017-Q14,mc,subtopic changed,Marketing > (untagged),Marketing > Role of marketing,types of markets - industrial,in which type of market would a large scale manufacturer of pasta purchase flour for its products? consumer industrial mass resource
2017-Q16,mc,subtopic changed,Operations > Influences + Role of operations management,Operations > Influences,corporate social responsibility,which of the following actions is an example of corporate social responsibility? sponsoring a sporting event opening a manufacturing plant introducing a community health program pa
2017-Q19,mc,subtopic changed,Human Resources > Processes of human resource management,Human Resources > Key influences,social influence on work practices,a business implements a new policy that limits the use of work-related email accounts before 8 am and after 8 pm. which consideration has most likely led to the development of this
2017-Q21(b),sa,subtopic changed,Operations > Influences + Operations processes,Operations > Operations processes,transforming resources,• clearly provides why and/or how improving operations processes may 4 lead to better customer service • provides why and/or how improving operations processes may lead to 3 better
2017-Q22(a),sa,subtopic changed,Marketing > Marketing process,Marketing > Influences on marketing,ethical marketing,• gives detailed reason/s why ethical behaviour is important in the 4 marketing of this business • gives reason/s why ethical behaviour is important in the marketing of this 3 busi
2017-Q22(b),sa,subtopic changed,Marketing > Influences on marketing + Marketing strategies,Marketing > Influences on marketing,consumer laws in advertising,• clearly provides why and/or how one area of consumer law influences the 5 company’s promotion strategies • provides why and/or how one aspect of consumer law influences the 4 com
2017-Q23(a),sa,subtopic changed,Human Resources > Human resource strategies + Key influences,Human Resources > Key influences,employment contracts,• provides characteristics and features of one monetary reward offered 2 during the recruitment process • shows an understanding of one monetary reward 1 a salary is paid to the re
2017-Q23(b),sa,subtopic changed,Human Resources > Processes of human resource management,Human Resources > Human resource strategies,recruitment,• sketches in general terms an issue that could arise during the acquisition 2 process • makes a statement about acquisition 1 one issue that may arise is the lack of suitable appl
2017-Q23(c),sa,subtopic changed,Human Resources > Human resource strategies + Processes of human resource management,Human Resources > Effectiveness of human resource management,levels of disputation,• provides detailed reasons in favour of two indicators that could be used 6 to measure the effectiveness of human resource management • provides reasons in favour of two indicator
2017-Q24(a),sa,subtopic changed,Finance > Influences on financial management,Finance > Financial management strategies,exchange rates,• makes clear that the appreciation of the australian dollar reduces costs 2 and affects the business’s competitive position • makes a general statement about the effects of an app
2017-Q24(b),sa,subtopic changed,Finance > Processes of financial management,Finance > Financial management strategies,international payment methods,• supports in detail a method of payment that reduces the business’s 5 financial risk with clear argument or conclusion • provides why and/or how a method of payment reduces the bu
2017-Q8,mc,subtopic changed,Marketing > Influences on marketing + Marketing strategies,Marketing > Influences on marketing,implied conditions,a customer returns a chainsaw to the place of purchase as it does not cut branches. on what basis must the business refund the cost of the chainsaw? implied conditions ethical cons
2018-Q10,mc,subtopic changed,Marketing > Marketing strategies,Marketing > Role of marketing,marketing approach,which approach is being used when a business creates a focus group to evaluate a product? marketing production selling standardisation
2018-Q13,mc,subtopic changed,Operations > Influences + Operations strategies + Role of operations management,Operations > Operations strategies,logistics,sani works for a large manufacturing business. she organises the transport of raw materials and finished products across australia. which of the following describes her area of res
2018-Q14,mc,subtopic changed,Marketing > Marketing strategies,Marketing > Influences on marketing,ethical - products that damage health,recently a business has removed one of its products from sale because it may contain toxic ingredients that could pose a health risk. what is the most likely influence on this mark
2018-Q15,mc,subtopic changed,Operations > Operations strategies + Role of operations management,Operations > Operations strategies,outsourcing,what is a benefit to an australian clothing company of outsourcing its manufacturing overseas? it can control the production costs. it can lower human resource compliance costs. it
2018-Q16,mc,subtopic changed,Operations > Influences + Operations processes,Operations > Operations processes,transformed resources,"which of the following lists three examples of transformed resources? customers, information, materials facilities, information, technology customers, human resources, materials fa"
2018-Q18,mc,subtopic changed,Finance > Influences on financial management + Processes of financial management,Finance > Financial management strategies,exchange rates,australian businesses export to canada. what would happen if the value of the australian dollar increased compared to the canadian dollar? there would be no effect on canadian busi
2018-Q20,mc,subtopic changed,Finance > (untagged),Finance > Processes of financial management,accounts receivable turnover,what is the average number of days the business takes to collect its debts? 15 days 25 days 29 days 30 days
2018-Q21(a),sa,subtopic changed,Operations > Influences + Operations processes + Operations strategies,Operations > Operations processes,critical path analysis,• provides characteristics and features of two transformation processes 4 that should take place at the business • provides characteristics and features of one transformation proce
2018-Q21(b),sa,subtopic changed,Operations > Influences + Operations strategies,Operations > Operations strategies,quality control,• clearly identifies and provides reasons in favour of two quality 6 management strategies the business can use to overcome problems • identifies and provides reasons in favour of 
2018-Q24(b),sa,subtopic changed,Finance > Financial management strategies + Influences on financial management + Processes of financial management,Finance > Processes of financial management,accounts receivable turnover,• shows how a business could improve the management of its accounts 3 receivable turnover • sketches in general terms how a business’s accounts receivable turnover 2 could be impro
2018-Q5,mc,subtopic changed,Marketing > Marketing strategies + Role of marketing,Marketing > Marketing strategies,branding,a landscaping business includes an image of a large purple coloured tree on its website and its vehicles. which of the following is the most likely reason for this? sales promotion
2018-Q6,mc,subtopic changed,Operations > Influences + Operations strategies,Operations > Operations strategies,economies of scale,a cake manufacturer buys more sugar as its production output increases. this enables it to buy the sugar at a lower price per kilogram. what is this an example of? logistics just-i
2018-Q8,mc,subtopic changed,Human Resources > Key influences,Human Resources > Human resource strategies,arbitration (dispute resolution),the fair work commission has finalised a dispute between a large business and a union. which strategy has been used to resolve this workplace dispute? mediation arbitration negotia
2019-Q1,mc,subtopic changed,Marketing > (untagged),Marketing > Role of marketing,niche market,"sam runs a business that designs and sells custom-made, high fashion clothes. in which type of market is sam’s business operating? intermediate mass niche resource"
2019-Q11,mc,subtopic changed,Operations > Operations strategies + Role of operations management,Operations > Role of operations management,cost leadership,a sole-trader cleaning business purchases generic products to lower costs and be price competitive. this is an example of which strategy? cost leadership economies of scale invento
2019-Q13,mc,subtopic changed,Operations > Operations processes + Operations strategies + Role of operations management,Operations > Operations processes,Gantt chart,the table shows a gantt chart. 31/1/20 29/2/20 31/3/20 30/4/20 receive customer order purchase stock prepare tools for manufacture receive raw materials manufacture item quality im
2019-Q15,mc,subtopic changed,Finance > Influences on financial management + Processes of financial management,Finance > Processes of financial management,balance sheet,use the information to answer question 15. balance sheet as at 30 june 2019 ($) ($) current assets current liabilities cash 10 000 accounts payable 10 000 accounts receivable 5 000
2019-Q19,mc,subtopic changed,Operations > Operations strategies,Operations > Operations processes,critical path predecessors,"which tasks need to be completed prior to completing task d? a, b only a, b, c only a, b, e, f only a, b, c, e, f only"
2019-Q20,mc,subtopic changed,Operations > Influences + Operations processes + Operations strategies,Operations > Operations processes,critical path recalculated,an improvement in technology reduces the time between task c and task d to one day. what is the new length of the critical path? 3 days 5 days 6 days 10 days
2019-Q21(b),sa,subtopic changed,Marketing > Marketing process + Marketing strategies,Marketing > Role of marketing,interdependence,• clearly provides why and how marketing and finance are interdependent 4 for this business • provides why and/or how marketing and finance are interdependent for 3 this business •
2019-Q22(a),sa,subtopic changed,Finance > Processes of financial management + Role of financial management,Finance > Processes of financial management,ethical issues in reporting,• sketches in general terms one ethical issue related to the preparation of 2 financial reports • recognises one ethical issue related to the preparation of financial 1 reports an 
2019-Q23(c),sa,subtopic changed,Human Resources > Human resource strategies + Key influences,Human Resources > Key influences,changing work patterns,• makes a clear judgement on the impact of one social influence on 5 human resource management • makes a judgement on the impact of one social influence on human 4 resource managem
2019-Q24(c),sa,subtopic changed,Operations > Operations processes,Operations > Influences,social responsibility cost,• provides detailed reasons why this business might be reluctant to 4 become more socially responsible • provides reasons why this business might be reluctant to become more 3 soci
2019-Q7,mc,subtopic changed,Marketing > Influences on marketing + Marketing process,Marketing > Influences on marketing,sugging,which term refers to a sales technique disguised as market research? sugging telemarketing implied conditions engaging in fair competition influences on marketing
2019-Q8,mc,subtopic changed,Finance > Financial management strategies + Influences on financial management,Finance > Influences on financial management,global economic outlook,"what effect would a global downturn in the economic outlook have on australia’s unemployment, output and exchange rates? unemployment output exchange rates increase increase decrea"
2020-Q1,mc,subtopic changed,Human Resources > Processes of human resource management,Human Resources > Human resource strategies,training v development,which row of the table shows benefits of both staff training and staff development? staff training staff development increase staff skills increased staff turnover increase staff s
2020-Q13,mc,subtopic changed,Operations > Influences + Operations strategies,Operations > Operations strategies,scanning and learning,"in order to achieve best practice, a mobile phone company examines global trends in phone technology before designing and producing their phones. what operations strategy is this b"
2020-Q15,mc,subtopic changed,Operations > Operations processes + Operations strategies,Operations > Operations strategies,performance objectives,a sandwich shop bakes a variety of breads throughout the day. customers select their choice of bread and filling(s) and sandwiches are then made to order. which pair of performance
2020-Q16,mc,subtopic changed,Finance > (untagged),Finance > Processes of financial management,actual v planned results,a bathroom products business cannot sustain the production of their current range. a consultant has advised the business to reduce the product range. the actual and planned results
2020-Q19,mc,subtopic changed,Finance > Role of financial management,Finance > Processes of financial management,comparative ratio analysis,the liquidity position of this business in 2020 indicates that it is better than the industry average and has improved since 2019. better than the industry average and has worsened
2020-Q21(a),sa,subtopic changed,Human Resources > Human resource strategies + Key influences,Human Resources > Key influences,unions as stakeholders,• sketches in general terms the role of one stakeholder who represents 2 the interests of employees in workplace disputes • provides some relevant information about one stakeholder
2020-Q23(a),sa,subtopic changed,Operations > Operations strategies + Role of operations management,Operations > Role of operations management,strategic role,• provides detailed ways in which the strategic role of operations 4 management could assist this business • provides ways in which the strategic role of operations management 3 co
2020-Q23(b),sa,subtopic changed,Operations > Influences + Operations strategies,Operations > Influences,technology as an influence,• draws out and relates the implications of using operations strategies to 6 address two operations influences affecting the business • provides implications of operations strategi
2020-Q24(c),sa,subtopic changed,Finance > Processes of financial management,Finance > Financial management strategies,discounts for early payment,• provides reasons in favour of one financial strategy this business could 3 implement to improve efficiency in the collection of accounts receivable • sketches in general terms on
2020-Q24(d),sa,subtopic changed,Finance > Processes of financial management + Role of financial management,Finance > Processes of financial management,comparative ratio analysis,• provides an explanation of how two ways of comparative ratio analysis 4 can be used to assess the financial position of the business • sketches in general terms how two ways of c
2020-Q3,mc,subtopic changed,Human Resources > Human resource strategies + Processes of human resource management,Human Resources > Role of human resource management,outsourcing the HR function,a firm has been hiring its own staff but due to growth no longer has time to satisfactorily manage this process. what could the firm’s human resource manager use to resolve this is
2020-Q4,mc,subtopic changed,Marketing > (untagged),Marketing > Influences on marketing,consumer law - refunds,australian businesses are required by law to offer a refund if the product or service does not match the description. is no longer required by the customer. is damaged by the custo
2020-Q7,mc,subtopic changed,Operations > Operations strategies + Role of operations management,Operations > Operations strategies,outsourcing v local manufacture,what is the most likely reason for an australian clothing business choosing to manufacture locally? to achieve cost leadership to maintain quality control to focus on other key bus
2021-Q1,mc,subtopic changed,Finance > Processes of financial management,Finance > Financial management strategies,cost centres,the role of a cost centre within a business is to monitor and control assets. expenses. liabilities. receipts.
2021-Q11,mc,subtopic changed,Operations > Influences + Operations processes + Operations strategies,Operations > Operations strategies,global sourcing,a mobile phone manufacturer decides to globally source inputs that they had previously produced themselves. which of the following shows possible negative effects of this decision?
2021-Q12,mc,subtopic changed,Operations > Influences + Operations processes,Operations > Influences,corporate social responsibility,a manager at a fast-food business wants to change the operations process in response to the influence of corporate social responsibility. which action would achieve this objective?
2021-Q13,mc,subtopic changed,Finance > (untagged),Finance > Processes of financial management,income statement relationships,consider the following financial information provided by a business. year revenue ($m) gross profit ($m) net profit ($m) 1 100 80 30 28 0 60 30 which of the following must have occ
2021-Q14,mc,subtopic changed,Operations > Operations strategies,Operations > Operations processes,outputs - warranties,a car manufacturer’s marketing manager suggests to the operations manager that they increase the warranty period from 3 to 5 years in order to increase market share. the operations
2021-Q15,mc,subtopic changed,Human Resources > Human resource strategies + Key influences,Human Resources > Effectiveness of human resource management,absenteeism/accidents,a food delivery business made a recent change to their human resource management strategy with the following results. indicator change absenteeism 30% decrease deliveries per drive
2021-Q16,mc,subtopic changed,Marketing > Marketing strategies,Marketing > Role of marketing,production -> selling approach,why might a business move from a production approach to a selling approach? in response to increased competition in order to increase promotional expenditure in order to better und
2021-Q18,mc,subtopic changed,Finance > Influences on financial management + Role of financial management,Finance > Financial management strategies,factoring,"when a business uses factoring, they improve their cash flow by increasing their revenue. cash flow but reduce their profitability. working capital by reducing their costs. working"
2021-Q19,mc,subtopic changed,Finance > Financial management strategies + Influences on financial management,Finance > Financial management strategies,hedging,an australian farmer has been contracted to sell 1000 tonnes of oranges to an american juice manufacturer at a set price. payment is required in 60 days in australian dollars. whic
2021-Q2,mc,subtopic changed,Human Resources > Human resource strategies,Human Resources > Role of human resource management,what the HR function does,which pair of business functions is conducted by human resource management? pricing and scheduling scheduling and induction induction and recruitment recruitment and receivables
2021-Q22(b),sa,subtopic changed,Finance > Influences on financial management + Processes of financial management + Role of financial management,Finance > Financial management strategies,exchange rate risk,• provides a cause and effect relationship between the choice to borrow 3 funds from the usa and financial risk for the business • sketches in general terms how borrowing from the 
2021-Q22(c),sa,subtopic changed,Finance > Processes of financial management + Role of financial management,Finance > Processes of financial management,gearing,• provides detailed reasons for the changes in the current and forecast 5 profitability and gearing of this business • provides reasons for the changes in the current and forecast 
2021-Q23(a),sa,subtopic changed,Human Resources > (untagged),Human Resources > Effectiveness of human resource management,corporate culture,• sketches in general terms how corporate culture can affect staff turnover 2 • provides relevant information about corporate culture or staff turnover 1 corporate culture reflects
2021-Q23(c),sa,subtopic changed,Human Resources > Processes of human resource management,Human Resources > Key influences + Processes of human resource management,,• provides detailed advantages and/or disadvantages of the possible 6 implications of these influences on human resource management • provides advantages and/or disadvantages of po
2021-Q24(a),sa,subtopic changed,Marketing > Influences on marketing + Marketing strategies,Marketing > Marketing strategies,global customisation,• provides a relationship between customisation as a global marketing 3 strategy and it’s benefits • provides characteristics and features of customisation as a global 2 marketing 
2021-Q24(c),sa,subtopic changed,Marketing > Influences on marketing + Marketing strategies,Marketing > Influences on marketing,consumer law - warranties,• demonstrates a thorough understanding of how aspects of the 4 advertisement might breach australian consumer laws • demonstrates how aspects of the advertisement might breach aus
2021-Q3,mc,subtopic changed,Operations > Influences + Operations strategies,Operations > Operations strategies,leading edge technology,which row of the table shows both an advantage and a disadvantage of a business investing in leading edge technology? advantage disadvantage higher quality output high initial inve
2021-Q6,mc,subtopic changed,Human Resources > Human resource strategies + Processes of human resource management,Human Resources > Key influences + Processes of human resource management,,which row of the table shows how a recession would affect human resource management (hrm) processes and strategies in the tourism industry? effect on hrm processes effect on hrm st
2021-Q8,mc,subtopic changed,Marketing > (untagged),Marketing > Role of marketing,types of markets,a farmer sells vegetables to a manufacturer of tinned vegetables. the manufacturer then sells the tinned vegetables to supermarkets. which row of the table shows the markets target
2021-Q9,mc,subtopic changed,Marketing > Marketing process + Marketing strategies,Marketing > Marketing process,monitoring & controlling,a business spends one million dollars on an advertising campaign. which pair of analyses could this business use to evaluate the effectiveness of this marketing strategy? market sh
2022-Q12,mc,subtopic changed,Operations > Operations strategies,Operations > Role of operations management,service differentiation,which of the following is an example of service differentiation? acar manufacturer supplies cars with premium tinted windows. achemist issues a patient with medication in exchange 
2022-Q16,mc,subtopic changed,Marketing > (untagged),Marketing > Marketing strategies,penetration pricing,which of the following could be a disadvantage of using a price penetration strategy for a business? alarge number of products are sold quickly. the business has problems in trying
2022-Q17,mc,subtopic changed,Marketing > (untagged),Marketing > Role of marketing,types of markets,a florist purchases flowers to create flower arrangements. what type of market does the florist operate in? consumer industrial mass resource
2022-Q18,mc,subtopic changed,Finance > Influences on financial management + Role of financial management,Finance > Financial management strategies,sale and lease back,a business owns a $2 million building with a $500 000 mortgage. they decide to sell the building and lease it back from the new owners over five years. what is the likely purpose o
2022-Q20,mc,subtopic changed,Finance > Processes of financial management + Role of financial management,Finance > Processes of financial management,,a business provides the following financial information. year 1 ($) year 2 ($) sales 600 000 700 000 cost of goods sold 200 000 200 000 gross profit ? ? expenses 250 000 200 000 ne
2022-Q22(c),sa,subtopic changed,Human Resources > Human resource strategies + Processes of human resource management,Human Resources > Human resource strategies,performance management,• provides the ways performance appraisals are beneficial to employers 3 • provides a way performance appraisals are beneficial to employers 2 • makes a relevant statement about pe
2022-Q23(a),sa,subtopic changed,Finance > (untagged),Finance > Processes of financial management,expense ratio,• correctly calculates the efficiency of the business 1 total expenses ÷ total sales = $600 000 ÷ 1 500 000 = 40% (or 0.4 : 1)
2022-Q24(b),sa,subtopic changed,Marketing > (untagged),Marketing > Marketing process,financial forecast,• demonstrates a clear understanding of the way the business will know 3 the marketing plan has been successful • demonstrates an understanding of the way the business will know th
2022-Q24(c),sa,subtopic changed,Marketing > Marketing process,Marketing > Role of marketing,marketing v selling approach,• provides reasons why the business should adopt the marketing approach 4 instead of the selling approach • provides a reason why the business should adopt the marketing 3 approach
2022-Q4,mc,subtopic changed,Marketing > Influences on marketing + Marketing strategies,Marketing > Influences on marketing,quality expectations,a watch manufacturer uses price-skimming strategies and provides a lifetime warranty on their products. what would most likely have influenced the implementation of these strategie
2022-Q5,mc,subtopic changed,Marketing > Marketing process + Marketing strategies,Marketing > Marketing strategies,psychographic segmentation,"the characteristics of lifestyle, motivation and personality are most often used in which market segmentation strategy? behavioural demographic geographic psychographic"
2022-Q7,mc,subtopic changed,Operations > Influences + Operations processes + Operations strategies,Operations > Operations strategies,global sourcing,a large clothing manufacturer in nsw wants to reduce input costs. which strategy would achieve this objective? increasing product variety increasing employee training implementing 
2022-Q8,mc,subtopic changed,Human Resources > (untagged),Human Resources > Human resource strategies,training,a business has implemented a training program in the use of new machinery on the factory floor for its employees. what is the main reason for this training program? to prevent acci
2023-Q11,mc,subtopic changed,Human Resources > Human resource strategies,Human Resources > Key influences,Fair Work Commission,which of the following is involved in making workplace agreements and resolving workplace disputes? fair work commission australian human rights commission australian securities an
2023-Q12,mc,subtopic changed,Finance > Financial management strategies + Influences on financial management,Finance > Influences on financial management,long-term sources of finance,an australian theme park wants to implement a new point-of-sale system that allows improved tracking of stock levels. the system will cost $185 000 to establish. which long-term so
2023-Q13,mc,subtopic changed,Marketing > Influences on marketing + Marketing strategies,Marketing > Influences on marketing,consumer law,"a customer returns a recently purchased 5g mobile phone to the place of purchase as the phone was faulty. under consumer law, why must the business refund the customer the cost of "
2023-Q14,mc,subtopic changed,Finance > Influences on financial management,Finance > Financial management strategies,exchange rates,the australian dollar increases from 0.50 to 0.70 usd. what impact would this have on the goods imported to australia and the goods exported to the united states? imports exports m
2023-Q15,mc,subtopic changed,Operations > Operations strategies + Role of operations management,Operations > Operations strategies,new product design and development,a large construction company has decided to focus their operations on design and innovation. which of the following best describes this operations management strategy? outsourcing 
2023-Q18,mc,subtopic changed,Operations > Operations processes + Operations strategies,Operations > Operations processes,critical path delay,task ec is delayed and takes an additional 7 days. by how many days will the length of the critical path change? 0 days 2 days 4 days 6 days
2023-Q20,mc,subtopic changed,Finance > Influences on financial management + Processes of financial management,Finance > Processes of financial management,balance sheet,the following is an extract from a business balance sheet. assets ($) liabilities ($) cash 6 500 accounts payable 18 500 accounts receivable 12 500 overdraft 3 500 inventory 40 000
2023-Q21(a),sa,subtopic changed,Operations > Influences + Operations processes + Operations strategies,Operations > Operations strategies,global sourcing,• outlines a potential issue this business could face in relation to both cost 2 and quality of outputs • provides some relevant information 1 the business can reduce the costs of 
2023-Q21(b),sa,subtopic changed,Operations > Influences + Operations processes + Operations strategies,Operations > Operations strategies,economies of scale,• explains the benefits of achieving economies of scale for both the 3 business and consumers • describes the benefit(s) of achieving economies of scale for the business 2 and/or c
2023-Q21(c),sa,subtopic changed,Operations > Influences + Operations processes + Operations strategies + Role of operations management,Operations > Operations strategies,leading edge technology,• provides a thorough explanation of why staff and management in this 5 business might be resistant to this change • provides a sound explanation of why staff and management in thi
2023-Q22(b),sa,subtopic changed,Human Resources > (untagged),Human Resources > Key influences,superannuation / NES,• outlines two human resource issues found in the advertisement 3 • outlines an issue found in the advertisement 2 • provides some relevant information 1 superannuation is a legal 
2023-Q23(a),sa,subtopic changed,Marketing > Marketing process + Marketing strategies,Marketing > Marketing process,product life cycle - decline,• outlines the current product life cycle stage 2 • provides some relevant information 1 the cereal manufacturer is in the decline stage of the product life cycle. this is the resu
2023-Q23(b),sa,subtopic changed,Marketing > Marketing process + Marketing strategies + Role of marketing,Marketing > Role of marketing,niche market,• demonstrates a clear understanding of how the niche market approach 3 could increase sales for this manufacturer • demonstrates features of a niche market and/or how this approac
2023-Q23(c),sa,subtopic changed,Marketing > Marketing process + Marketing strategies,Marketing > Marketing strategies,global customisation,• provides comprehensive support for the use of one global marketing 5 strategy to expand into this global market • provides sound support for the use of one global marketing strat
2023-Q4,mc,subtopic changed,Human Resources > Human resource strategies + Processes of human resource management,Human Resources > Key influences,workers compensation,"an employee receives an electrical burn while working. the employee requires hospital treatment and is unable to return to work for three months. as a result of this injury, what s"
2023-Q8,mc,subtopic changed,Finance > Influences on financial management,Finance > Financial management strategies,international payment methods,an export company based in sydney sells australian-made art to the asian market. which form of payment has the lowest level of risk for the exporter? clean payment letter of credit
2024-Q11,mc,subtopic changed,Marketing > Marketing strategies,Marketing > Influences on marketing,sugging,a distributor of a new mop surveys people in a shopping centre about their cleaning habits. the distributor then uses persuasive selling techniques to try and convince the shoppers
2024-Q14,mc,subtopic changed,Finance > (untagged),Finance > Processes of financial management,cash flow statement,the table shows the cash flow information for a business. jul aug sep opening balance ($) 40 000 cash in ($) 30 000 10 000 22 000 cash out ($) 20 000 13 000 15 000 what is the clos
2024-Q18,mc,subtopic changed,Operations > Operations processes + Operations strategies,Operations > Operations processes,critical path analysis,"which of the following are common characteristics of a critical path analysis? what tasks need to be done, how long they take, delivery timing what tasks need to be done, how long "
2024-Q2,mc,subtopic changed,Operations > Influences + Operations strategies,Operations > Influences,legal regulation,the banning of dangerous goods such as asbestos is due to global sourcing. business policies. legal regulations. operational regulations.
2024-Q20,mc,subtopic changed,Marketing > Marketing strategies,Marketing > Marketing process,market objectives & monitoring,a company sets its primary marketing objective for 2025 to be the dominant market leader in the product it distributes. its sales results are shown in the table. year advertising b
2024-Q21(a),sa,subtopic changed,Operations > (untagged),Operations > Role of operations management,interdependence,• provides an explanation of the interdependence between operations and 3 one other business function for this business • demonstrates some understanding of the interdependence bet
2024-Q22(c),sa,subtopic changed,Human Resources > Human resource strategies + Processes of human resource management,Human Resources > Processes of human resource management,maintenance,• provides a thorough justification of the importance of maintenance in 5 human resource management for this business • provides a sound justification of the importance of maintena
2024-Q23(a),sa,subtopic changed,Marketing > (untagged),Marketing > Role of marketing,interdependence,• outlines how marketing of this business relies on a human resources 2 department • provides some relevant information 1 for this piano-teaching business to advertise and market i
2024-Q23(c),sa,subtopic changed,Marketing > Marketing process + Marketing strategies,Marketing > Marketing strategies,market segmentation,• proposes two relevant ways segmentation can be used by this 4 business to continue its growth • proposes two ways segmentation can be used by this business 3 • proposes one way s
2024-Q24(a),sa,subtopic changed,Finance > Influences on financial management + Processes of financial management + Role of financial management,Finance > Processes of financial management,current ratio,• calculates the correct current ratio and shows working 2 • provides some relevant information 1 current assets = (cash at bank + accounts receivable + inventory) ÷ (overdraft + a
2024-Q24(b),sa,subtopic changed,Finance > Processes of financial management,Finance > Financial management strategies,discounts for early payment,• provides an explanation of how offering discounts for early payments 4 can improve cash flow and reduce working capital • demonstrates a sound understanding of how offering disco
2024-Q4,mc,subtopic changed,Marketing > Influences on marketing + Marketing strategies,Marketing > Marketing strategies,price skimming,a retailer sells a new style of sunglasses at a significantly higher price for the first month they are sold. what pricing strategy is being used by the retailer? price skimming pr
2024-Q9,mc,subtopic changed,Operations > Operations strategies,Operations > Role of operations management,role of the operations manager,the role of an operations manager is to reduce waste and increase efficiency. reduce output and increase customisation. improve customisation and decrease speed. improve quality an
2025-Q1,mc,subtopic changed,Operations > Operations processes + Operations strategies,Operations > Operations strategies,performance objective - cost,which performance objective is a business trying to achieve by minimising waste in production? cost flexibility speed volume
2025-Q12,mc,subtopic changed,Operations > Influences + Operations strategies,Operations > Operations strategies,resistance to change,a business is introducing leading edge technology and is experiencing employee resistance. what is the most likely reason for this resistance to change? fear of the unknown redunda
2025-Q14,mc,subtopic changed,Marketing > (untagged),Marketing > Marketing strategies,penetration pricing,which of the following marketing strategies could a new gym adopt in order to attract customers and become a viable business? charge a high price during the introductory stage set 
2025-Q15,mc,subtopic changed,Human Resources > Key influences,Human Resources > Effectiveness of human resource management,absenteeism/stress indicators,a graph of employee data is shown. 40 35 30 25 20 15 10 5 0 month 1 month 2 month 3 month 4 month 5 seeyolpme fo .on employee data key performance stress levels absenteeism what wo
2025-Q16,mc,subtopic changed,Finance > Financial management strategies,Finance > Financial management strategies + Processes of financial management,cash flow,an extract from a business document is shown. july aug sept oct nov dec opening 2 000 balance cash in ($) 5 000 3 000 5 000 8 000 8 000 4 000 cash out ($) 5 000 5 000 7 000 3 000 1
2025-Q20,mc,subtopic changed,Finance > Processes of financial management + Role of financial management,Finance > Processes of financial management,gearing,a business calculated its gearing ratio as follows. gearing ratio 2023 75% 2024 66% which of the following is a correct statement about the business in 2024? the debt to equity rat
2025-Q22(a),sa,subtopic changed,Marketing > Marketing strategies,Marketing > Marketing process,SWOT,• identifies one weakness and one threat for this business 2 • identifies one weakness or one threat for this business 1 weakness potential threats leaking bottles changing attitud
2025-Q22(c),sa,subtopic changed,Marketing > Marketing strategies,Marketing > Marketing process,monitoring & controlling,• provides an explanation of the importance of monitoring and controlling 3 the marketing strategies for this business • demonstrates some understanding of monitoring and controlli
2025-Q23(b),sa,subtopic changed,Finance > Processes of financial management + Role of financial management,Finance > Processes of financial management,comparative ratio analysis,• demonstrates a comprehensive understanding of how comparative ratio 4 analysis can be used to improve the financial outcomes of the business • demonstrates a sound understanding 
2025-Q23(c),sa,subtopic changed,Finance > Influences on financial management + Processes of financial management + Role of financial management,Finance > Influences on financial management,global economic outlook,• explains how two global market influences could affect the solvency of 4 this business • outlines two global market influences that affect the solvency of this 3 business • outli
2025-Q4,mc,subtopic changed,Human Resources > (untagged),Human Resources > Key influences,antidiscrimination,an employee is applying for maternity leave. she is told her job will not exist when she plans to return to work. what form of discrimination may have occurred? age disability raci
2025-Q5,mc,subtopic changed,Marketing > Influences on marketing + Marketing strategies,Marketing > Influences on marketing,deceptive & misleading advertising,the price of a fitness watch is advertised as on special for $159. the store usually sells this watch for $159. which area of consumer law has been broken? warranties implied condi
2012-Q10,mc,unchanged,Human Resources > Human resource strategies,Human Resources > Human resource strategies,performance management,sam’s job is to set goals for employees and give them feedback on the achievement of their goals. what best describes this process? dispute resolution job design performance manage
2012-Q11,mc,unchanged,Operations > Operations strategies,Operations > Operations strategies,logistics,which of the following is an essential aspect of logistics? undertaking a skills audit checking the quality of all output materials handling and packaging the creation of a budget 
2012-Q12,mc,unchanged,Human Resources > Human resource strategies,Human Resources > Human resource strategies,leadership style,a manager builds relationships with individual employees and encourages their contribution to decision-making in the workplace. what leadership style is this? autocratic democratic
2012-Q13,mc,unchanged,Human Resources > Human resource strategies,Human Resources > Human resource strategies,grievance procedure,robyn believes her manager has unfairly denied her a bonus. she consults her employee handbook which instructs her to put her complaint in writing and send copies to the manager an
2012-Q17,mc,unchanged,Marketing > Marketing strategies,Marketing > Marketing strategies,loss leader,"a fast food outlet advertises a large soft drink for only 20 cents, knowing that customers will also buy additional items from the menu once they are in the store. what pricing str"
2012-Q2,mc,unchanged,Operations > Operations processes,Operations > Operations processes,,a factory manager is deciding the best order in which to complete tasks. which operations process is being carried out? monitoring scheduling sequencing task design
2012-Q23(a),sa,unchanged,Marketing > Marketing strategies,Marketing > Marketing strategies,global branding,• provides one benefit to xyz ltd of using global branding 2 • general statement about global branding or its benefits 1
2012-Q23(b),sa,unchanged,Marketing > Marketing strategies,Marketing > Marketing strategies,physical distribution,• gives characteristics and features of two relevant physical distribution 4 issues • gives characteristics and features of one relevant physical distribution 3 issue and • sketche
2012-Q23(c),sa,unchanged,Marketing > Marketing strategies,Marketing > Marketing strategies,customise v standardise,• clearly draws out and relates implications of the link between marketing 5–6 and finance when deciding to customise or standardise • explains the link between finance and marketi
2012-Q3,mc,unchanged,Marketing > Marketing process,Marketing > Marketing process,product life cycle stage,free samples of a breakfast cereal are given to supermarket customers to try. for which stage of the product life cycle is this most likely to be an appropriate strategy? establish
2012-Q5,mc,unchanged,Human Resources > Key influences,Human Resources > Key influences,,which of the following is an entitlement of australian employees? wage increases every year cost of living wage increases minimum employment standards new employment contracts ever
2012-Q7,mc,unchanged,Operations > Operations processes,Operations > Operations processes,variation in demand,"in winter, the number of beach lifeguards employed by a local council is reduced. what has influenced the transformation process in this situation? variation in demand variation in"
2013-Q10,mc,unchanged,Finance > Processes of financial management,Finance > Processes of financial management,liquidity + efficiency ratios,which of the following would improve the financial position of a business? lower current ratio and lower accounts receivable turnover ratio higher current ratio and lower accounts 
2013-Q12,mc,unchanged,Marketing > Marketing strategies,Marketing > Marketing strategies,positioning,a car company advertises its new luxury car as more exciting and fun to drive than its competitors’ cars. what strategy is the car company using? opinion leader personal selling po
2013-Q13,mc,unchanged,Human Resources > Key influences,Human Resources > Key influences,NES,"full­time, permanent employees in australia are generally entitled to four weeks annual leave. what is the legal basis for this? common law industry awards national employment stan"
2013-Q17,mc,unchanged,Operations > Operations processes,Operations > Operations processes,volume/variety/visibility -> unit cost,"which of the following combinations would result in the lowest production cost per unit? limited customer contact, limited product variety and low volume limited customer contact, "
2013-Q21(a),sa,unchanged,Human Resources > Human resource strategies,Human Resources > Human resource strategies,rewards,"• provides characteristics and features of employee rewards to show how they can be used to improve business performance, with the use of an 4 appropriate example • provides charac"
2013-Q23(a),sa,unchanged,Operations > Operations strategies,Operations > Operations strategies,e-commerce / SCM,• sketches in general terms a way that e-commerce can assist casey with 2 supply chain management • names a feature of e-commerce or supply chain management 1 electronic ordering i
2013-Q23(c),sa,unchanged,Operations > Operations strategies,Operations > Operations strategies,supply chain management,• supports a conclusion showing whether supply chain management is 4 important for the business or not • provides characteristics and features of supply chain management 3 • sketch
2013-Q25(b),sa,unchanged,Marketing > Role of marketing,Marketing > Role of marketing,niche market,• makes a judgement based on criteria of the decision to adopt the niche 6 market approach • identifies issues and provides points for and/or against the niche market 5 approach • 
2013-Q3,mc,unchanged,Human Resources > Human resource strategies + Processes of human resource management,Human Resources > Processes of human resource management + Human resource strategies,,a business places a job vacancy advertisement on its website. which aspect of human resource management is this an example of? development maintenance recruitment selection marketi
2014-Q1,mc,unchanged,Marketing > Influences on marketing,Marketing > Influences on marketing,psychological factor,sally shops at a particular store as she has always received excellent service there. what type of factor is influencing her choice of store? economic government psychological soci
2014-Q10,mc,unchanged,Finance > Processes of financial management,Finance > Processes of financial management,income statement,which of the following would be found on an income statement? accounts payable gross profit intangibles net assets
2014-Q11,mc,unchanged,Marketing > Marketing strategies,Marketing > Marketing strategies,global customisation,an australian business sells its bonza pies in both australia and china. bonza pies sold in china are made to a different recipe. what is this an example of? customisation and hedg
2014-Q12,mc,unchanged,Human Resources > Key influences,Human Resources > Key influences,changing work patterns,work patterns in australia have changed over the past 20 years. an example of such a change is the decrease in casualisation. part-time positions. female participation. full-time m
2014-Q13,mc,unchanged,Human Resources > Human resource strategies,Human Resources > Human resource strategies,leadership style,"what is a reason for a business to use a democratic leadership style? it has a project with a tight deadline. it has experienced, highly skilled employees. there is a need for more"
2014-Q15,mc,unchanged,Operations > Operations strategies,Operations > Operations strategies,economies of scale,what is the most likely result of a business achieving economies of scale? greater flexibility higher sales price per unit greater efficiencies in production higher average costs o
2014-Q2,mc,unchanged,Finance > Role of financial management,Finance > Role of financial management,growth objective,a business is planning to increase its market share by merging with a competitor. what financial objective does this best illustrate? growth liquidity profitability solvency
2014-Q20,mc,unchanged,Finance > Processes of financial management,Finance > Processes of financial management,comparative ratio analysis - gearing,which of the following statements is true about gearing for kerry’s warehouse in 2014? it is better than industry average and has improved since 2013. it is better than industry av
2014-Q21(a),sa,unchanged,Operations > Operations strategies,Operations > Operations strategies,resistance to change,• demonstrates a detailed understanding of why managers may be resistant 4 to change • demonstrates an understanding of why managers may be resistant to 3 change • demonstrates som
2014-Q22(a),sa,unchanged,Marketing > Marketing process,Marketing > Marketing process,SWOT strengths,• sketches in general terms two strengths for the café 2 • sketches in general terms one strength for the café or 1 • identifies two strengths for the café strengths of the busines
2014-Q22(b),sa,unchanged,Marketing > Marketing process,Marketing > Marketing process,SWOT opportunities,• sketches in general terms two opportunities for the café 2 • sketches in general terms one opportunity for the café or 1 • identifies two opportunities for the café a trend for h
2014-Q22(c),sa,unchanged,Marketing > Marketing strategies,Marketing > Marketing strategies,responding to a competitive threat,• identifies issues related to the threat posed by the multinational franchise and provides points for and/or against a relevant marketing strategy which 6 could be used • provides
2014-Q23(a),sa,unchanged,Human Resources > Key influences,Human Resources > Key influences,employer associations,"• provides how employer associations influence human resources, including 4 one relevant example • provides how employer associations influence human resources including 3 an examp"
2014-Q24(a),sa,unchanged,Finance > Processes of financial management,Finance > Processes of financial management,cash flow statement,• states correct opening cash balance for march 1 10 000 [units ‘$’ are not necessary] • states correct month 1 may [and does not refer to any other month]
2014-Q3,mc,unchanged,Human Resources > Key influences,Human Resources > Key influences,"contractor v employee, legal",kim is an independent contractor who cleans a school. which of the following statements is true regarding kim’s employment? she is entitled to four weeks annual leave. her employme
2014-Q4,mc,unchanged,Human Resources > Human resource strategies,Human Resources > Human resource strategies,grievance procedures,grievance procedures are used when employees are ill. employees have complaints. employees are being appraised. employers want to increase prices.
2014-Q5,mc,unchanged,Operations > Operations strategies,Operations > Operations strategies,performance objectives,"which of the following are all examples of operations performance objectives? choice, flexibility, profit, speed cost, dependability, quality, speed customisation, flexibility, pro"
2014-Q6,mc,unchanged,Marketing > Marketing process,Marketing > Marketing process,product life cycle,a new business is experiencing a rapid increase in sales following a series of positive posts on social media. which stages of the product life cycle is the business experiencing? 
2014-Q7,mc,unchanged,Operations > Operations strategies,Operations > Operations strategies,JIT,a car assembly plant had to shut down operations for a day because tyres had not been delivered. what inventory management strategy at the car assembly plant may have caused this s
2014-Q8,mc,unchanged,Marketing > Marketing strategies,Marketing > Marketing strategies,channel choice,a business has shifted from intensive distribution to more selective distribution. what is the most likely reason for this? to increase market share to decrease personal selling st
2014-Q9,mc,unchanged,Marketing > Marketing strategies,Marketing > Marketing strategies,penetration pricing,what is the main reason for a business using penetration pricing? to maximise profit per unit to gain short-term market share to develop a reputation for quality to take advantage 
2015-Q10,mc,unchanged,Finance > Influences on financial management,Finance > Influences on financial management,external equity,what is a characteristic of external equity finance? specific maturity date low interest payments fixed returns to owners diluted business ownership
2015-Q16,mc,unchanged,Finance > Processes of financial management,Finance > Processes of financial management,,what is the net profit ratio (net profit ÷ sales) for 2014? 10% 20% 25% 47%
2015-Q17,mc,unchanged,Finance > Processes of financial management,Finance > Processes of financial management,,which of the following describes the change in gross profit ratio and expense ratio from 2014 to 2015? gross profit ratio expense ratio (gross profit ÷ sales) (total expenses ÷ sal
2015-Q21(a),sa,unchanged,Marketing > Marketing strategies,Marketing > Marketing strategies,selective distribution,• states a reason for the producer’s decision to use selective distribution 2 • provides some relevant information 1 the producer does not have the resources to produce large quant
2015-Q21(b),sa,unchanged,Marketing > Marketing strategies,Marketing > Marketing strategies,physical distribution,"• sketches in general terms one physical distribution issue 2 • identifies one physical distribution issue 1 transport is an important issue for the producer, as the ice-creams nee"
2015-Q21(c),sa,unchanged,Marketing > Marketing strategies,Marketing > Marketing strategies,packaging,• provides reasons in favour of ways the producer can use packaging to 4 maximise sales of her products • provides characteristics and features of how the producer can use 3 packag
2015-Q22(a),sa,unchanged,Human Resources > Key influences,Human Resources > Key influences,common law obligations,• provides characteristics and features of one common law obligation 2 • provides some relevant information 1 one common law obligation is to obey lawful and reasonable commands ma
2015-Q3,mc,unchanged,Marketing > Marketing process,Marketing > Marketing process,primary research / target market,customers at a furniture store are asked to give their postcodes at the checkout. what is this an example of? primary research to determine target market secondary research to dete
2015-Q4,mc,unchanged,Marketing > Marketing process,Marketing > Marketing process,situational analysis,at which stage of the marketing process would a business examine its internal and external influences? when identifying target markets when conducting a situational analysis when e
2015-Q5,mc,unchanged,Operations > Operations processes,Operations > Operations processes,transforming resources,which of the following includes two examples of transforming resources? facilities and customers materials and customers facilities and human resources materials and human resource
2015-Q6,mc,unchanged,Finance > Influences on financial management,Finance > Influences on financial management,ASX primary market,what is a source of new capital for a public company? primary market of the australian securities exchange secondary market of the australian securities exchange primary market of 
2015-Q7,mc,unchanged,Marketing > Marketing strategies,Marketing > Marketing strategies,cost-based pricing,"when pricing a potential job, a plumber considers how long the job will take and how difficult it will be. which pricing method is being used? cost-based market-based customer-base"
2015-Q8,mc,unchanged,Operations > Operations strategies,Operations > Operations strategies,FIFO for perishables,which of the following is the best method for managing the stock of fresh milk in a supermarket? just-in-time first-in-last-out last-in-first-out first-in-first-out
2016-Q1,mc,unchanged,Marketing > Influences on marketing,Marketing > Influences on marketing,consumer law - warranties,"a red leather lounge was purchased from lounge ltd. after only two weeks of use, the legs of the couch fell off. what is the law that enforces the warranty in this situation? corpo"
2016-Q12,mc,unchanged,Finance > Processes of financial management,Finance > Processes of financial management,current ratio,the current ratio (current assets ÷ current liabilities) for this business is too high. acceptable. dangerously low. unable to be calculated.
2016-Q13,mc,unchanged,Marketing > Marketing strategies,Marketing > Marketing strategies,sales promotion + opinion leaders,a beauty company sends samples of its new lip balm to members of its loyalty program and to online beauty bloggers. what strategies is the company using? publicity and global brand
2016-Q15,mc,unchanged,Marketing > Role of marketing,Marketing > Role of marketing,types of markets,a confectionery company used to sell its chocolate bars direct to the public. now its products will only be available in supermarkets. how has the market for the product changed? f
2016-Q16,mc,unchanged,Human Resources > Key influences,Human Resources > Key influences,antidiscrimination,a business needs to reduce its workforce for financial reasons. all its employees are equally skilled and have 3 years of service. which staff member should be dismissed first? aca
2016-Q17,mc,unchanged,Marketing > Marketing strategies,Marketing > Marketing strategies,promotion mix - personal selling,a small business has developed a new piece of gym equipment that it wants to sell to gyms throughout sydney. what would be the most appropriate marketing strategy for this? adverti
2016-Q19,mc,unchanged,Finance > Processes of financial management,Finance > Processes of financial management,ratio comparison,the table shows financial data for two businesses. business a business b annual sales ($) 1 600 000 2 800 000 net profit ($) 400 000 400 000 accounts receivable ($) 200 000 250 000
2016-Q20,mc,unchanged,Human Resources > Key influences,Human Resources > Key influences,contract for service,an independent web designer has a legal agreement with a department store to improve its online shopping site in time for the christmas sales. the web designer’s working conditions
2016-Q21(a),sa,unchanged,Finance > Role of financial management,Finance > Role of financial management,short v long term objectives,• shows how and/or why a short-term and long-term financial objective 3 may conflict • names a short-term and a long-term financial objective or outlines why a 2 conflict might occ
2016-Q22(b),sa,unchanged,Marketing > Marketing strategies,Marketing > Marketing strategies,promotion - personal selling,• identifies an appropriate promotion strategy and provides a reason in 3 favour of this strategy with reference to the data • provides a reason in favour of a promotion strategy o
2016-Q22(c),sa,unchanged,Marketing > Marketing strategies,Marketing > Marketing strategies,physical distribution,• identifies an appropriate distribution strategy and provides a reason in 3 favour of it with reference to the data • provides a reason in favor of a distribution strategy or prov
2016-Q24(a),sa,unchanged,Operations > Operations strategies,Operations > Operations strategies,inventory management,• clearly identifies the issues for and/or against one inventory management 4 system for this business • outlines one advantage or one disadvantage of one inventory 3 management sy
2016-Q24(b),sa,unchanged,Operations > Influences,Operations > Influences,CSR,• provides how or why corporate social responsibility should be a key 3 consideration in operations management for this business • sketches in general terms how corporate social re
2016-Q3,mc,unchanged,Marketing > Marketing process,Marketing > Marketing process,situational analysis,while developing a new marketing plan a business discovers that many customers think its website is boring and confusing. at what stage in the marketing process should this have be
2016-Q4,mc,unchanged,Finance > Role of financial management,Finance > Role of financial management,solvency,solvency is the ability of a business to maximise its profits. increase its market share. meet its long-term financial commitments. meet its short-term financial commitments.
2016-Q5,mc,unchanged,Human Resources > Key influences,Human Resources > Key influences,antidiscrimination,an employee is treated unfairly because she is pregnant. what legislation prohibits this behaviour? trade practices act 1974 (cth) affirmative action (equal employment opportunity 
2016-Q7,mc,unchanged,Marketing > Influences on marketing,Marketing > Influences on marketing,economic factor,a person purchases his clothing from a discount store because he is a low-income earner. what factor is influencing his consumer choice? economic legal psychological sociocultural
2016-Q9,mc,unchanged,Operations > Operations strategies,Operations > Operations strategies,performance objective - quality,which performance objective measures how well a product meets the prescribed design specifications? cost flexibility quality speed
2017-Q12,mc,unchanged,Finance > Processes of financial management,Finance > Processes of financial management,efficiency ratio,the efficiency of a business can best be determined by which of the following? gross profit ratio value of current assets value of current liabilities accounts receivable turnover 
2017-Q15,mc,unchanged,Finance > Processes of financial management,Finance > Processes of financial management,comparative ratio analysis,mick is deciding whether to purchase business a or business b and has received the following information. business a business b assets ($) 10 million 1 million total sales ($) 4 mi
2017-Q17,mc,unchanged,Finance > Processes of financial management,Finance > Processes of financial management,,the expense ratio (total expenses ÷ sales) is always the difference between the net profit ratio and the gross profit ratio. the difference between sales and the gross profit ratio
2017-Q18,mc,unchanged,Finance > Influences on financial management,Finance > Influences on financial management,ASIC,which organisation ensures that barb’s batteries pty ltd operates in a financially responsible manner? australian securities and investments commission australian prudential regula
2017-Q2,mc,unchanged,Operations > Operations strategies,Operations > Operations strategies,TQM / continuous improvement,in which aspect of a business does continuous improvement occur? quality assurance legal compliance just-in-time management total quality management
2017-Q20,mc,unchanged,Finance > Processes of financial management,Finance > Processes of financial management,,the table shows information supplied by a business. sales ? cost of goods sold ? gross profit $400 000 expenses ? net profit ? gross profit ratio 66.7% (gross profit ÷ sales) net p
2017-Q21(c),sa,unchanged,Operations > Operations strategies,Operations > Operations strategies,outsourcing,• makes a clear judgement of one operations strategy that may improve 6 the long-term success of the business • makes a judgement of one operations strategy that may improve the 5 
2017-Q3,mc,unchanged,Marketing > Marketing process,Marketing > Marketing process,SWOT,"as a result of a swot analysis, a gym operator finds that a new larger gym is opening nearby. the operator then decides to extend its opening hours. the aim of this strategy is to "
2017-Q4,mc,unchanged,Finance > Role of financial management,Finance > Role of financial management,liquidity,a business ensures all its debts are paid as they fall due. which financial objective is the business satisfying? efficiency growth liquidity solvency
2017-Q5,mc,unchanged,Marketing > Marketing strategies,Marketing > Marketing strategies,selective distribution,a manufacturer sells her organic meals only to major supermarkets. which distribution channel has the manufacturer chosen? exclusive intensive selective warehousing
2017-Q6,mc,unchanged,Finance > Influences on financial management,Finance > Influences on financial management,internal equity,a sole trader invests $500 000 into her business. what is this an example of? an overdraft retained profits internal debt finance internal equity finance
2017-Q7,mc,unchanged,Marketing > Influences on marketing,Marketing > Influences on marketing,sociocultural,vinh’s friends tell him that a particular brand makes poor quality jeans. he does not buy this brand due to his friends’ opinions. which factor is influencing his choice? economic 
2017-Q9,mc,unchanged,Operations > Operations processes,Operations > Operations processes,Gantt = transformation,which operations process uses a gantt chart? customisation input output transformation
2018-Q1,mc,unchanged,Human Resources > Key influences,Human Resources > Key influences,employment type / NES,"sarah works 40 hours per week. her contract entitles her to sick leave, paid annual leave and superannuation. what type of employment is this? casual full-time casual part-time per"
2018-Q11,mc,unchanged,Human Resources > Key influences,Human Resources > Key influences,"social influence, work patterns","an increasing number of employees are seeking a better work–life balance. as a result, many businesses are adopting job sharing. this is an example of establishing communication sy"
2018-Q12,mc,unchanged,Finance > Processes of financial management,Finance > Processes of financial management,comparative ratio analysis,"kevin is considering investing in a business. to help kevin determine which business to invest in, he should consider comparative ratio analysis because cash flow is assessed. mark"
2018-Q17,mc,unchanged,Marketing > Marketing strategies,Marketing > Marketing strategies,people / physical evidence,staff members at val’s vegan restaurant wear uniforms with a large letter v on them. they are expected to greet customers with a smile and clean up any spills immediately. which el
2018-Q19,mc,unchanged,Finance > Processes of financial management,Finance > Processes of financial management,gross profit ratio,what is the gross profit ratio for the business? 53% 67% 78% 90%
2018-Q2,mc,unchanged,Marketing > Marketing strategies,Marketing > Marketing strategies,e-marketing,an entrepreneur uses social media to sell make-up to her friends and acquaintances. what marketing strategy is the entrepreneur using? e -marketing personal selling product differe
2018-Q22(a),sa,unchanged,Human Resources > Role of human resource management,Human Resources > Role of human resource management,,• sketches in general terms the strategic role of human resources in this 2 business • makes a general statement about the role of human resources 1 management the strategic role o
2018-Q22(b),sa,unchanged,Human Resources > Human resource strategies,Human Resources > Human resource strategies,leadership style,• clearly shows how leadership style affects employee performance in this business 4 • provides a relevant example • shows how leadership style affects employee performance in this
2018-Q22(c),sa,unchanged,Human Resources > Processes of human resource management,Human Resources > Processes of human resource management,development,• provides a clear argument for the use of one human resource process to 4 improve the culture of the workplace • provides characteristics and features of a human resource process 
2018-Q23(a),sa,unchanged,Marketing > Marketing process,Marketing > Marketing process,situational analysis,• identifies one relevant threat to the business 1 the size of the australian market is shrinking.
2018-Q23(c),sa,unchanged,Marketing > Marketing process,Marketing > Marketing process,SWOT for a new market,• clearly shows how the situational analysis will change if the business 6 expands into europe • shows how the situational analysis will change if the business expands 5 into europ
2018-Q24(a),sa,unchanged,Finance > Role of financial management,Finance > Role of financial management,liquidity,• shows why liquidity is an objective of financial management 2 • makes a general statement about liquidity or financial management 1 liquidity is an objective of financial managem
2018-Q24(c),sa,unchanged,Finance > Influences on financial management,Finance > Influences on financial management,mortgage,• provides detailed points for and/or against the use of leasing and 5 mortgages as a source of long-term finance • provides points for and/or against the use of leasing and mortga
2018-Q3,mc,unchanged,Operations > Operations strategies,Operations > Operations strategies,scanning and learning,phil goes overseas to a photographic equipment trade fair where he sees other businesses using more efficient methods of taking passport photos. what is this an example of? process
2018-Q4,mc,unchanged,Human Resources > Processes of human resource management,Human Resources > Processes of human resource management,voluntary separation,which of the following is an example of voluntary separation in the workplace? dismissal promotion reinstatement resignation
2018-Q7,mc,unchanged,Finance > Influences on financial management,Finance > Influences on financial management,short-term sources of finance,in which of the following are both sources of funds appropriate for a business purchasing extra stock before a busy trading period? debentures and factoring retained profits and un
2018-Q9,mc,unchanged,Operations > Operations strategies,Operations > Operations strategies,performance objective - flexibility,a soup manufacturer finds it difficult to cope with the increase in demand for soup in winter. which performance objective could assist this business to meet the demand? cost custo
2019-Q10,mc,unchanged,Human Resources > Human resource strategies,Human Resources > Human resource strategies,dispute resolution sequence,"what is the common sequence for resolving workplace disputes? mediation, negotiation, involvement of courts and tribunals negotiation, mediation, involvement of courts and tribunal"
2019-Q14,mc,unchanged,Finance > Processes of financial management,Finance > Processes of financial management,planning & implementing order,"which of the following is the correct order for financial planning? developing budgets, determining financial needs, maintaining record systems, identifying financial risks, establ"
2019-Q16,mc,unchanged,Finance > Influences on financial management,Finance > Influences on financial management,ASIC,"which independent federal body ensures that businesses adhere to government regulations, maintain appropriate financial information and provide consumer protection? reserve bank of"
2019-Q2,mc,unchanged,Finance > Influences on financial management,Finance > Influences on financial management,mortgage,a business is purchasing a new property. which source of finance would be the most appropriate? shares mortgage debenture letter of credit
2019-Q22(b),sa,unchanged,Finance > Influences on financial management,Finance > Influences on financial management,debt finance,• provides why and/or how debt finance is an advantage 3 • provides characteristics and features of one advantage of debt financing 2 • recognises one advantage of debt financing 1
2019-Q22(c),sa,unchanged,Finance > Influences on financial management,Finance > Influences on financial management,equity finance,• provides why and/or how equity finance is an disadvantage 3 • provides characteristics and features of one disadvantage of equity 2 financing • recognises one disadvantage of equ
2019-Q23(a),sa,unchanged,Human Resources > Key influences,Human Resources > Key influences,employer obligations,• sketches in general terms one employer obligation 2 • provides some relevant information about employer obligations 1 an employer obligation includes providing work for employees
2019-Q24(a),sa,unchanged,Operations > Operations processes,Operations > Operations processes,transforming resources,"• identifies two transforming resources 2 • identifies one transforming resource 1 human resources, facilities"
2019-Q24(b),sa,unchanged,Operations > Operations processes,Operations > Operations processes,variety,• shows in detail how variety impacts the transformation process for this 4 business • shows how variety impacts the transformation process for this business 3 • sketches in genera
2019-Q3,mc,unchanged,Human Resources > Human resource strategies,Human Resources > Human resource strategies,autocratic leadership,a business in crisis needs to make immediate and timely decisions in order to survive. which leadership style does a manager of this business need to adopt? autocratic bureaucratic
2019-Q4,mc,unchanged,Finance > Influences on financial management,Finance > Influences on financial management,finance companies / leasing,a business requires new manufacturing equipment. which of the following would provide leasing for this equipment? unit trusts property trusts finance companies superannuation funds
2019-Q5,mc,unchanged,Marketing > Marketing strategies,Marketing > Marketing strategies,channel choice,a bakery produces organic bread that is sold in health food stores. which is the most appropriate channel choice for this product? exclusive extensive intensive selective
2019-Q6,mc,unchanged,Marketing > Marketing strategies,Marketing > Marketing strategies,loss leader,a biscuit manufacturer reduces the price of its biscuits to below cost in order to attract more customers. which of the following identifies this approach? skimming loss leader pri
2019-Q9,mc,unchanged,Operations > Operations strategies,Operations > Operations strategies,quality control,a business reduces product defects by using inspections in the production process. this is an example of quality control. improvement. innovation. production.
2020-Q10,mc,unchanged,Marketing > Marketing process,Marketing > Marketing process,product life cycle - decline,a company has reduced the price of their current razor as a new model will be released soon. which stage of the product life cycle for the current razor is indicated by this decisi
2020-Q11,mc,unchanged,Operations > Operations strategies,Operations > Operations strategies,JIT,a manager is concerned about ongoing theft and the cost of storing raw materials. which inventory management strategy would best address the manager’s concerns? just-in-time wareho
2020-Q12,mc,unchanged,Human Resources > Key influences,Human Resources > Key influences,workers compensation,a nsw employer develops a return to work plan in consultation with an insurer and an injured employee. which legislation requires the employer to undertake this action? fair work a
2020-Q14,mc,unchanged,Finance > Processes of financial management,Finance > Processes of financial management,normalised earnings,a hairdresser includes proceeds of the sale of salon equipment in the business’s income statement. which limitation of financial reporting is evident? timing issues valuing assets 
2020-Q17,mc,unchanged,Finance > Processes of financial management,Finance > Processes of financial management,,which of the following shows the gross profit and the net profit ratio for this business in 2020? gross profit net profit ratio (net profit ÷ sales) $105 000 28.0% $105 000 42.0% $
2020-Q18,mc,unchanged,Finance > Processes of financial management,Finance > Processes of financial management,,which of the following describes the change in both the gross profit ratio and expense ratio from 2019 to 2020? gross profit ratio expense ratio (gross profit ÷ sales) (total expen
2020-Q2,mc,unchanged,Human Resources > Key influences,Human Resources > Key influences,NES flexible work request,betty believes she is eligible to ask her employer for flexible working arrangements. which of the following is a provision of the fair work act 2009 (cth) that gives betty the rig
2020-Q20,mc,unchanged,Finance > Processes of financial management,Finance > Processes of financial management,,the gearing for this business in 2020 indicates that it is better than the industry average and has improved since 2019. better than the industry average and has worsened since 201
2020-Q21(b),sa,unchanged,Human Resources > Processes of human resource management,Human Resources > Processes of human resource management,voluntary separation,• demonstrates a clear understanding of the difference between voluntary 4 and involuntary separation • demonstrates an understanding of the difference between voluntary and 3 invo
2020-Q22(a),sa,unchanged,Marketing > Marketing process,Marketing > Marketing process,SWOT,• clearly determines the purpose of a swot analysis for this business 3 • names elements of a swot analysis and refers to its purpose for this 2 business • names elements of a swot
2020-Q22(b),sa,unchanged,Marketing > Marketing strategies,Marketing > Marketing strategies,competition-based pricing,• clearly provides reasons for adopting a particular pricing method 3 • provides characteristics and features of a pricing method or pricing 2 strategy • names a pricing method or 
2020-Q24(a),sa,unchanged,Finance > Processes of financial management,Finance > Processes of financial management,accounts receivable turnover,• correctly calculates the accounts receivable turnover ratio for this 1 business (sales ÷ accounts receivable) = 225 000 ÷ 30 000 = 7.5 (times per year) or 365 ÷ 7.5 = 49 (days)
2020-Q24(b),sa,unchanged,Finance > Processes of financial management,Finance > Processes of financial management,,• correctly calculates and interprets the expense ratio for this business 2 • correctly calculates the expense ratio for this business or correctly 1 interprets the expense ratio (
2020-Q5,mc,unchanged,Marketing > Marketing process,Marketing > Marketing process,primary market research,a business collects its own primary data through market research prior to developing a new product. which of the following could this business have used to provide primary data? cu
2020-Q6,mc,unchanged,Operations > Operations strategies,Operations > Operations strategies,economies of scale,the main advantage of economies of scale is that a business can achieve economic objectives. industry benchmarks. lower per unit input costs. simplified supply chain management.
2020-Q8,mc,unchanged,Marketing > Marketing strategies,Marketing > Marketing strategies,branding/packaging,two boxes of oats are shown. miller’s farm fruit oats fruit oats 300 g 300 g product a product b which strategy is being used by product b that is not being used by product a? bran
2021-Q10,mc,unchanged,Operations > Operations processes + Role of operations management,Operations > Operations processes + Role of operations management,volume/variety + cost leadership,"a manufacturing business is a cost leader in their industry. which combination of features of the transformation process are they most likely to demonstrate? low volume, low variet"
2021-Q21(a),sa,unchanged,Operations > Operations processes,Operations > Operations processes,customers as transformed resource,• sketches in general terms how this customer is an input in the 2 construction of the new home • makes a relevant statement about inputs in the construction of a new 1 home custom
2021-Q21(b),sa,unchanged,Operations > Operations processes,Operations > Operations processes,sequencing & scheduling,• makes evident the relationship between a gantt chart and the way it 4 helps the building company meet the terms of the contract • provides characteristics of a gantt chart and th
2021-Q21(c),sa,unchanged,Operations > Operations strategies,Operations > Operations strategies,outsourcing,• clearly makes evident the relationship between each of two quality 4 management strategies and the resulting quality of the outsourced work • provides characteristics and feature
2021-Q22(a),sa,unchanged,Finance > Processes of financial management,Finance > Processes of financial management,balance sheet,• states where the business would record the loan and the properties on its 2 balance sheet • states one place that this transaction would be recorded on the 1 business’s balance s
2021-Q23(b),sa,unchanged,Human Resources > Human resource strategies,Human Resources > Human resource strategies,recruitment,• provides a relevant reason for a business to use a contractor to recruit 2 staff • makes a relevant statement about contracting and/or recruitment 1 recruitment involves identify
2021-Q24(b),sa,unchanged,Marketing > Influences on marketing,Marketing > Influences on marketing,sociocultural,• demonstrates clearly how aspect/s of the advertisement use sociocultural 3 factors to influence customer choice • sketches in general terms how aspect/s of the advertisement use 
2021-Q4,mc,unchanged,Human Resources > Key influences,Human Resources > Key influences,common law contracts,which statement about common law contracts is correct? common law contracts are determined by the fair work commission. common law contracts are required to pass the ‘better off ov
2021-Q5,mc,unchanged,Marketing > Influences on marketing,Marketing > Influences on marketing,psychological,a consumer purchases expensive designer clothing as they believe they are getting higher quality and a longer lasting product. which factor is influencing this consumer’s choice? e
2021-Q7,mc,unchanged,Marketing > Marketing strategies,Marketing > Marketing strategies,publicity + public relations,"a manufacturer of fishing equipment sponsors an annual fishing competition. a local tv news station reports on the competition, which leads to an increase in sales for the manufact"
2022-Q1,mc,unchanged,Marketing > Influences on marketing,Marketing > Influences on marketing,,what is an economic factor that could influence customer choice? perception recession regulation subculture
2022-Q10,mc,unchanged,Operations > Influences,Operations > Influences,legal regulation,a printing business uses chemicals in its production process. which of the following factors has a legal regulation that affects the operations management of this business? superan
2022-Q11,mc,unchanged,Marketing > Marketing process,Marketing > Marketing process,product life cycle,which of the following is correct for the growth phase of the product life cycle? production price decreased maintained maintained increased increased increased increased maintaine
2022-Q14,mc,unchanged,Finance > Influences on financial management,Finance > Influences on financial management,ASIC,a private investment company accepts money from clients. the owner illegally uses this money for their own personal use. which government body would take legal action against the o
2022-Q15,mc,unchanged,Marketing > Marketing strategies,Marketing > Marketing strategies,distribution channel,"heidi has a small farm that has a variety of animals, including chickens. she would like to sell the excess chicken eggs to customers. which distribution method would best support "
2022-Q2,mc,unchanged,Human Resources > Processes of human resource management,Human Resources > Processes of human resource management,,which of the following is a type of voluntary separation in the workplace? dismissal layoff resignation retrenchment
2022-Q21(a),sa,unchanged,Operations > Operations strategies,Operations > Operations strategies,dependability,• sketches in general terms a performance objective relevant to the 2 business • identifies an objective for this business 1 • dependability would be a key performance objective fo
2022-Q21(b),sa,unchanged,Operations > Operations strategies,Operations > Operations strategies,JIT,• provides reasons in favour of an appropriate inventory management 3 strategy for the business • provides a reason in favour of an appropriate inventory management 2 strategy for 
2022-Q22(b),sa,unchanged,Human Resources > Key influences,Human Resources > Key influences,minimum employment standards,• sketches in general terms how minimum employment standards protect 3 employees using examples • sketches in general terms how minimum employment standards protect 2 employees and
2022-Q23(b),sa,unchanged,Finance > Processes of financial management + Role of financial management,Finance > Processes of financial management + Role of financial management,,• clearly shows the relationship between the expense ratio and the 3 business’ efficiency • provides characteristics and features of the expense ratio and business’ 2 efficiency • 
2022-Q23(c),sa,unchanged,Finance > Processes of financial management,Finance > Processes of financial management,gearing,• provides a reason for gearing being an important consideration for the 3 lender to this business • demonstrates an understanding of a reason the level of gearing is an 2 importan
2022-Q23(d),sa,unchanged,Finance > Influences on financial management,Finance > Influences on financial management,debt finance,"• using financial information, clearly provides reasons why the business 4 should use debt finance to acquire the two new stores • provides reasons why the business should use debt"
2022-Q24(a),sa,unchanged,Marketing > Marketing strategies,Marketing > Marketing strategies,advertising,• sketches in general terms one promotion strategy to launch the new 2 product range • identifies a promotion strategy 1 the business could use advertising via television or social
2022-Q3,mc,unchanged,Marketing > Marketing process,Marketing > Marketing process,primary data,which of the following is a pair of primary data collection methods? questionnaires and industry reports industry reports and internet sources personal interviews and questionnaire
2022-Q6,mc,unchanged,Human Resources > Human resource strategies,Human Resources > Human resource strategies,group monetary reward,all staff in a business participate equally in a profit-sharing scheme. which row of the table correctly identifies this reward strategy? reward staff monetary group monetary indiv
2023-Q1,mc,unchanged,Human Resources > Human resource strategies,Human Resources > Human resource strategies,rewards,businesses offer employees rewards in order to prevent the possibility of industrial action. recognise the value of their effort to the business. fulfil federal government legislat
2023-Q10,mc,unchanged,Marketing > Marketing strategies,Marketing > Marketing strategies,opinion leaders,an energy drink business uses a celebrity to promote its products online. which marketing strategy is being used? loss leaders opinion leaders personal selling sales promotion
2023-Q17,mc,unchanged,Operations > Operations processes,Operations > Operations processes,critical path concurrency,"which tasks could be occurring at the same time? ab, bc and cd ab, bf and fc be, bf and bc be, bf and ec"
2023-Q19,mc,unchanged,Human Resources > Key influences,Human Resources > Key influences,stakeholders - government,"which of the following stakeholders has the power to implement workplace reforms to support employees of various abilities, ages and genders? unions society employer associations g"
2023-Q2,mc,unchanged,Operations > Operations strategies,Operations > Operations strategies,customisation,a florist designs floral displays for weddings to suit the colour preferences of individual couples. which of the following would be the main performance objective being targeted b
2023-Q22(a),sa,unchanged,Human Resources > Key influences,Human Resources > Key influences,EEO / antidiscrimination,• provides the purpose of equal employment opportunity (eeo) 2 legislation • provides some relevant information 1 it ensures that the best qualified person for the job gets the pos
2023-Q22(c),sa,unchanged,Human Resources > Key influences,Human Resources > Key influences,changing work patterns,• provides a thorough explanation of the social influences that have contributed to the changing labour force participation rates over the 40 5 years • provides a sound explanation
2023-Q24(a),sa,unchanged,Finance > Processes of financial management,Finance > Processes of financial management,cash flow statement,• provides the purpose of a cash flow statement 2 • provides some relevant information 1 the purpose of a cash flow statement is to identify the inflows and outflows of cash over a
2023-Q24(b),sa,unchanged,Finance > Role of financial management,Finance > Role of financial management,short v long term objectives,• explains a conflict between one short-term and one long-term financial 3 objective • outlines a conflict between one short-term and one long-term financial 2 objective • provides
2023-Q24(c),sa,unchanged,Finance > Processes of financial management,Finance > Processes of financial management,valuing assets,• provides a detailed explanation of two limitations of financial reports 5 • provides a sound explanation of two limitations of financial reports 4 • demonstrates some limitations
2023-Q3,mc,unchanged,Marketing > Marketing strategies,Marketing > Marketing strategies,relationship marketing,which of the following best illustrates relationship marketing? creating long-term customer loyalty distributing goods directly to customers using promotions to increase customer s
2023-Q5,mc,unchanged,Marketing > Marketing strategies,Marketing > Marketing strategies,penetration,a business wants to quickly achieve a large market share for a product. which marketing strategy would most likely be used? branding skimming penetration price points
2023-Q7,mc,unchanged,Marketing > Marketing process,Marketing > Marketing process,marketing plan order,"which of the following shows the correct order of the steps in a marketing plan? market research, establishing market objectives, identifying target markets, situational analysis e"
2023-Q9,mc,unchanged,Operations > Role of operations management,Operations > Role of operations management,interdependence,the training of staff in the manufacturing process is an example of interdependence between which of the following business functions? finance and marketing marketing and operation
2024-Q1,mc,unchanged,Human Resources > Key influences,Human Resources > Key influences,unions,who is most likely to represent employees for an increase in wages? atrade union fair work australia an employer association federal court of australia
2024-Q10,mc,unchanged,Finance > Processes of financial management,Finance > Processes of financial management,expense ratio,a business has the following financial information. sales $800 000 cost of goods sold $200 000 gross profit $600 000 net profit $250 000 expense ratio = total expenses ÷ sales what
2024-Q13,mc,unchanged,Marketing > Influences on marketing,Marketing > Influences on marketing,psychological - perception,"limpleaf pty ltd conducted research before entering the tea market. the research found that customers, because of the company’s brand name, thought the product would be inferior. w"
2024-Q15,mc,unchanged,Finance > Influences on financial management,Finance > Influences on financial management,ASX,which organisation functions as the market operator for companies wanting to raise public finance? australian taxation office australian securities exchange australian prudential r
2024-Q16,mc,unchanged,Marketing > Marketing strategies,Marketing > Marketing strategies,global standardisation,an australian manufacturer sells its product in the usa and australia without changing its marketing mix. what is an advantage of using the same marketing mix? the promotion can be
2024-Q17,mc,unchanged,Finance > Processes of financial management,Finance > Processes of financial management,ethical issues in reporting,"a business owner is selling their business. if the business owner is unethical, what may they be motivated to do? undervalue assets and undervalue liabilities overvalue assets and "
2024-Q19,mc,unchanged,Finance > Influences on financial management,Finance > Influences on financial management,new share issue,"a private company wants to expand its operations. to raise funds, it intends to become a public listed company. what name is given to this form of equity finance? private equity co"
2024-Q21(b),sa,unchanged,Operations > Operations strategies,Operations > Operations strategies,inventory management,• provides an explanation of how each product will affect inventory 3 management • demonstrates some understanding of how product/s will affect inventory 2 management • provides so
2024-Q21(c),sa,unchanged,Operations > Operations processes,Operations > Operations processes,customers / visibility,• provides a discussion of the implications of visibility (customer contact) 4 for this business • demonstrates a sound understanding of the implications of visibility 3 (customer 
2024-Q22(a),sa,unchanged,Human Resources > Key influences,Human Resources > Key influences,stakeholders,• outlines the relationship between one stakeholder and the human 2 resources function of this business • provides some relevant information 1 the employee is a stakeholder who has
2024-Q23(b),sa,unchanged,Marketing > Influences on marketing,Marketing > Influences on marketing,economic influences,• demonstrates a thorough understanding of how economic factors 4 influence customers choosing this business • demonstrates a sound understanding of how economic factors influence 
2024-Q3,mc,unchanged,Human Resources > Processes of human resource management,Human Resources > Processes of human resource management,,at which stage of the human resource process would a performance appraisal of an employee be conducted? acquisition development induction separation
2024-Q8,mc,unchanged,Human Resources > Processes of human resource management,Human Resources > Processes of human resource management,dismissal,an employee has engaged in misconduct and has been told to leave the organisation. which of the following terms describes this employee’s separation from the organisation? attritio
2025-Q10,mc,unchanged,Human Resources > Key influences,Human Resources > Key influences,legal framework,"which of the following lists elements of the legal framework that influences human resource management? code of conduct, work health and safety, awards code of conduct, work health"
2025-Q11,mc,unchanged,Human Resources > Human resource strategies,Human Resources > Human resource strategies,internal recruitment,what is a benefit of using internal recruitment for a senior management position? the position will always be filled. it encourages staff to seek professional growth. there is a la
2025-Q13,mc,unchanged,Marketing > Marketing process,Marketing > Marketing process,situational analysis,a marketing manager recognises that poor customer service has negatively affected sales results. in which part of the marketing process would this recognition occur? identifying ta
2025-Q18,mc,unchanged,Finance > Processes of financial management,Finance > Processes of financial management,capitalising expenses,"in the hope of generating long-term profit, a medical company spends $2 billion developing medicine to cure a disease. this is recorded on the company’s balance sheet. which limita"
2025-Q19,mc,unchanged,Operations > Operations processes,Operations > Operations processes,inputs->transformation->outputs,a retail franchise is opening a new store. which of the following is the correct sequence for its operations process? product task design materials facilities control customer serv
2025-Q21(a),sa,unchanged,Operations > Influences,Operations > Influences,CSR,• outlines the corporate social responsibility demonstrated by this 2 business • provides some relevant information 1 the cafe can demonstrate corporate social responsibility by do
2025-Q21(b),sa,unchanged,Operations > Role of operations management,Operations > Role of operations management,goods and/or services,• outlines the difference between goods and services in this business 2 • provides some relevant information 1 the cafe produces meals (goods) that are perishable. services can be 
2025-Q21(c),sa,unchanged,Operations > Influences,Operations > Influences,legal regulation,• provides an explanation of the influence of one legal regulation on the 3 operations management of this business • demonstrates some understanding of the influence of a legal reg
2025-Q21(d),sa,unchanged,Operations > Operations strategies,Operations > Operations strategies,outsourcing,• provides a detailed discussion of the implications of outsourcing the new 4 desserts for the operation of this business • provides a sound discussion of the implications of outso
2025-Q22(b),sa,unchanged,Marketing > Marketing strategies,Marketing > Marketing strategies,packaging,• justifies two product strategies that could be implemented by the 4 business to gain a competitive advantage • justifies one and outlines one product strategy that could be 3 imp
2025-Q23(a),sa,unchanged,Finance > Processes of financial management,Finance > Processes of financial management,expense ratio,• shows an understanding of what the expense ratio for 2024 indicates for 2 this business • provides some relevant information 1 the expense ratio is 210 000 ÷ 700 000 ´ 100 = 30%.
2025-Q24(c),sa,unchanged,Human Resources > Key influences,Human Resources > Key influences,antidiscrimination / minimum wage,• provides a thorough explanation of how this business is engaging in 4 illegal practices • provides a sound explanation of how this business is engaging in illegal 3 practices • d
2025-Q3,mc,unchanged,Finance > Processes of financial management,Finance > Processes of financial management,balance sheet,which of the following is an essential component of a balance sheet? assets expenses sales wages
2025-Q6,mc,unchanged,Marketing > Marketing strategies,Marketing > Marketing strategies,global customisation,an international clothing brand uses japanese fashion trends and cultural preferences in its designs and advertisements for its japanese market. which global marketing strategy is 
2025-Q7,mc,unchanged,Operations > Operations strategies,Operations > Operations strategies,logistics,which of the following is an essential aspect of logistics? reorganising plant layout checking the quality of all output assessing materials handling and packaging creating a budge
2025-Q8,mc,unchanged,Operations > Operations strategies,Operations > Operations strategies,quality improvement,"a business, as part of its quality management strategy, demonstrates an ongoing commitment to make its operations more efficient and effective. this is an example of which of the f"
2025-Q9,mc,unchanged,Finance > Role of financial management,Finance > Role of financial management,efficiency objective,"a business, with a 30-day credit policy, collects accounts receivables on average every 26 days. which objective of financial management is this business aiming to achieve? efficie"
